start_year,season_days_injured,season_minutes_played,height_cm,weight_kg,position,age,bmi,work_rate_numeric,position_numeric,significant_injury_prev_season,season_days_injured_prev_season,isForward,isMidfielder,isDefender
2019,13,1312,175.3333333,75.66666667,Forward,19,24.61362749,2.5,2,0,0,1,0,0
2020,71,836,175.3333333,75.66666667,Forward,20,24.61362749,2.5,2,0,13,1,0,0
2016,95,2247,171.6666667,66,Defender,27,22.3960788,3.5,1,0,0,0,0,1
2018,87,1680,171.6666667,66,Defender,29,22.3960788,3.5,1,0,95,0,0,1
2019,35,2870,171.6666667,66,Defender,30,22.3960788,3.5,1,0,87,0,0,1
2020,9,3342,171.6666667,66,Defender,31,22.3960788,3.5,1,0,35,0,0,1
2017,33,1996,165,63,Midfielder,30,23.14049587,4,3,0,0,0,1,0
2018,166,1279,165,63,Midfielder,31,23.14049587,4,3,0,33,0,1,0
2017,26,3226,173.8333333,72.83333333,Midfielder,27,24.10260983,3,3,0,0,0,1,0
2018,89,2467,173.8333333,72.83333333,Midfielder,28,24.10260983,3,3,0,26,0,1,0
2019,15,2249,173.8333333,72.83333333,Midfielder,29,24.10260983,3,3,0,89,0,1,0
2019,11,3515,188,77,Goalkeeper,21,21.78587596,3,0,0,0,0,0,0
2016,122,1329,181,74,Midfielder,26,22.58783309,4,3,0,0,0,1,0
2016,122,1329,181,74,Midfielder,26,22.58783309,4,3,1,122,0,1,0
2017,44,1945,181,74,Midfielder,27,22.58783309,4,3,1,122,0,1,0
2017,44,1945,181,74,Midfielder,27,22.58783309,4,3,0,44,0,1,0
2018,157,1418,181,74,Midfielder,28,22.58783309,4,3,0,44,0,1,0
2018,157,1418,181,74,Midfielder,28,22.58783309,4,3,1,157,0,1,0
2018,95,48,186,80,Midfielder,22,23.12406059,3,3,0,0,0,1,0
2018,42,745,177,78.5,Forward,23,25.05665677,3.5,2,0,0,1,0,0
2016,157,190,188,90,Goalkeeper,31,25.46401086,3,0,0,0,0,0,0
2019,28,273,190,83,Forward,18,22.99168975,3.5,2,0,0,1,0,0
2016,63,2425,175,73,Midfielder,28,23.83673469,4,3,0,0,0,1,0
2017,160,285,175,73,Midfielder,29,23.83673469,4,3,0,63,0,1,0
2018,142,505,175,73,Midfielder,30,23.83673469,4,3,1,160,0,1,0
2020,48,1693,175,73,Midfielder,32,23.83673469,4,3,1,142,0,1,0
2017,49,2194,180,79,Defender,26,24.38271605,3.5,1,0,0,0,0,1
2017,49,2194,180,79,Goalkeeper,26,24.38271605,3.5,0,0,49,0,0,0
2017,49,2194,186.4,70,Defender,25,20.1468069,3,1,0,49,0,0,1
2017,49,2194,186.4,70,Goalkeeper,25,20.1468069,3,0,0,49,0,0,0
2018,107,2200,180,79,Defender,27,24.38271605,3.5,1,0,49,0,0,1
2018,107,2200,180,79,Goalkeeper,27,24.38271605,3.5,0,0,107,0,0,0
2018,107,2200,186.4,70,Defender,26,20.1468069,3,1,0,107,0,0,1
2018,107,2200,186.4,70,Goalkeeper,26,20.1468069,3,0,0,107,0,0,0
2019,93,2155,180,79,Defender,28,24.38271605,3.5,1,0,107,0,0,1
2019,93,2155,180,79,Goalkeeper,28,24.38271605,3.5,0,0,93,0,0,0
2019,93,2155,186.4,70,Defender,27,20.1468069,3,1,0,93,0,0,1
2019,93,2155,186.4,70,Goalkeeper,27,20.1468069,3,0,0,93,0,0,0
2019,31,2815,190,75,Defender,24,20.77562327,3,1,0,0,0,0,1
2020,16,2735,190,75,Defender,25,20.77562327,3,1,0,31,0,0,1
2018,78,701,174,76.6,Forward,21,25.30056811,3.5,2,0,0,1,0,0
2020,8,2872,174,76.6,Forward,23,25.30056811,3.5,2,0,78,1,0,0
2016,42,1715,184,75.5,Midfielder,21,22.30033081,2.5,3,0,0,0,1,0
2016,52,596,179.2,79.4,Defender,30,24.72546636,3,1,0,0,0,0,1
2020,54,856,182.3333333,78,Defender,33,23.46186111,3.5,1,0,0,0,0,1
2019,16,175,183,77.33333333,Forward,22,23.09215961,3.5,2,0,0,1,0,0
2017,41,119,188.3333333,84.66666667,Forward,23,23.87031091,3,2,0,0,1,0,0
2020,17,1520,188.3333333,84.66666667,Forward,26,23.87031091,3,2,0,41,1,0,0
2019,46,2432,180,68,Midfielder,33,20.98765432,3.5,3,0,0,0,1,0
2017,44,2291,175.1666667,73.66666667,Forward,26,24.00866919,4,2,0,0,1,0,0
2018,19,2635,175.1666667,73.66666667,Forward,27,24.00866919,4,2,0,44,1,0,0
2019,48,1965,175.1666667,73.66666667,Forward,28,24.00866919,4,2,0,19,1,0,0
2020,1,2015,175.1666667,73.66666667,Forward,29,24.00866919,4,2,0,48,1,0,0
2020,38,1178,175,71,Midfielder,22,23.18367347,3,3,0,0,0,1,0
2016,27,1522,181,73.5,Forward,20,22.4352126,3,2,0,0,1,0,0
2018,1,2072,181,73.5,Forward,22,22.4352126,3,2,0,27,1,0,0
2019,35,1657,181,73.5,Forward,23,22.4352126,3,2,0,1,1,0,0
2016,291,0,193,79,Goalkeeper,27,21.20862305,3,0,0,0,0,0,0
2018,52,2375,193,79,Goalkeeper,29,21.20862305,3,0,1,291,0,0,0
2019,9,2660,193,79,Goalkeeper,30,21.20862305,3,0,0,52,0,0,0
2020,16,2850,193,79,Goalkeeper,31,21.20862305,3,0,0,9,0,0,0
2017,132,1088,171,62,Midfielder,24,21.20310523,3.5,3,0,0,0,1,0
2018,16,2173,171,62,Midfielder,25,21.20310523,3.5,3,1,132,0,1,0
2018,50,0,188.1666667,88,Goalkeeper,28,24.85405695,3,0,0,0,0,0,0
2018,193,1195,188.3333333,86,Defender,24,24.24622132,3.5,1,0,0,0,0,1
2018,68,1075,180,77,Forward,25,23.7654321,4,2,0,0,1,0,0
2019,31,339,180,77,Forward,26,23.7654321,4,2,0,68,1,0,0
2020,78,594,180,77,Forward,27,23.7654321,4,2,0,31,1,0,0
2016,11,1404,195,81,Defender,28,21.30177515,2.5,1,0,0,0,0,1
2017,12,2178,187.6666667,77.83333333,Defender,21,22.09995299,2.5,1,0,0,0,0,1
2018,15,655,187.6666667,77.83333333,Defender,22,22.09995299,2.5,1,0,12,0,0,1
2019,40,1842,187.6666667,77.83333333,Defender,23,22.09995299,2.5,1,0,15,0,0,1
2020,54,1544,187.6666667,77.83333333,Defender,24,22.09995299,2.5,1,0,40,0,0,1
2018,43,1465,180,78,Forward,27,24.07407407,3.5,2,0,0,1,0,0
2016,42,2887,178,63.66666667,Defender,22,20.09426419,4,1,0,0,0,0,1
2017,2,2038,178,63.66666667,Defender,23,20.09426419,4,1,0,42,0,0,1
2018,20,3384,178,63.66666667,Defender,24,20.09426419,4,1,0,2,0,0,1
2019,11,3278,178,63.66666667,Defender,25,20.09426419,4,1,0,20,0,0,1
2020,4,3563,178,63.66666667,Defender,26,20.09426419,4,1,0,11,0,0,1
2016,106,1927,178,73,Midfielder,30,23.0400202,3,3,0,0,0,1,0
2018,82,1522,178,73,Midfielder,32,23.0400202,3,3,0,106,0,1,0
2019,46,251,178,73,Midfielder,33,23.0400202,3,3,0,82,0,1,0
2018,222,485,189.75,82.5,Forward,29,22.91344446,3.5,2,0,0,1,0,0
2019,82,1061,189.75,82.5,Forward,30,22.91344446,3.5,2,1,222,1,0,0
2020,53,433,189.75,82.5,Forward,31,22.91344446,3.5,2,0,82,1,0,0
2019,65,1379,180,75.66666667,Midfielder,28,23.35390947,4,3,0,0,0,1,0
2016,285,1375,192.3333333,79,Forward,27,21.35590471,3.5,2,0,0,1,0,0
2017,99,874,192.3333333,79,Forward,28,21.35590471,3.5,2,1,285,1,0,0
2018,337,505,192.3333333,79,Forward,29,21.35590471,3.5,2,0,99,1,0,0
2019,190,708,192.3333333,79,Forward,30,21.35590471,3.5,2,1,337,1,0,0
2020,38,443,192.3333333,79,Forward,31,21.35590471,3.5,2,1,190,1,0,0
2018,10,35,168.25,61,Midfielder,18,21.54863124,3,3,0,0,0,1,0
2016,200,1850,191,86,Defender,28,23.57391519,3,1,0,0,0,0,1
2019,11,2937,191,86,Defender,31,23.57391519,3,1,1,200,0,0,1
2020,70,2628,191,86,Defender,32,23.57391519,3,1,0,11,0,0,1
2020,20,0,172,69,Midfielder,29,23.32341806,4,3,0,0,0,1,0
2016,7,1582,183.4,76,Forward,21,22.59513444,2.5,2,0,0,1,0,0
2017,14,1671,183.4,76,Forward,22,22.59513444,2.5,2,0,7,1,0,0
2018,55,1704,183.4,76,Forward,23,22.59513444,2.5,2,0,14,1,0,0
2019,74,2723,183.4,76,Forward,24,22.59513444,2.5,2,0,55,1,0,0
2020,135,1611,183.4,76,Forward,25,22.59513444,2.5,2,0,74,1,0,0
2020,10,2338,182,67,Defender,23,20.22702572,3,1,0,0,0,0,1
2019,14,2148,189,88.83333333,Midfielder,24,24.86865803,2.5,3,0,0,0,1,0
2018,79,2368,177.4,76.4,Midfielder,29,24.27650301,3.5,3,0,0,0,1,0
2016,160,1026,179,70,Defender,23,21.84700852,3.5,1,0,0,0,0,1
2018,40,1862,179,70,Defender,25,21.84700852,3.5,1,1,160,0,0,1
2019,24,1030,179,70,Defender,26,21.84700852,3.5,1,0,40,0,0,1
2020,97,1045,179,70,Defender,27,21.84700852,3.5,1,0,24,0,0,1
2016,13,3325,193,87.16666667,Goalkeeper,36,23.40107564,3,0,0,0,0,0,0
2016,96,1861,186,80.16666667,Forward,27,23.17223571,4,2,0,0,1,0,0
2017,64,2302,186,80.16666667,Forward,28,23.17223571,4,2,0,96,1,0,0
2019,299,1396,186,80.16666667,Forward,30,23.17223571,4,2,0,64,1,0,0
2020,9,1396,186,80.16666667,Forward,31,23.17223571,4,2,1,299,1,0,0
2019,24,3325,172.1666667,70,Defender,29,23.61564968,3,1,0,0,0,0,1
2019,24,3325,172.1666667,70,Midfielder,29,23.61564968,3,3,0,24,0,1,0
2020,12,3596,172.1666667,70,Defender,30,23.61564968,3,1,0,24,0,0,1
2020,12,3596,172.1666667,70,Midfielder,30,23.61564968,3,3,0,12,0,1,0
2016,118,804,175,65,Defender,31,21.2244898,3.5,1,0,0,0,0,1
2018,7,2752,175,65,Defender,33,21.2244898,3.5,1,0,118,0,0,1
2018,13,2280,199.3333333,86,Goalkeeper,31,21.6440532,3,0,0,0,0,0,0
2019,113,210,185,73.2,Defender,22,21.38787436,3,1,0,0,0,0,1
2020,123,427,185,73.2,Defender,23,21.38787436,3,1,0,113,0,0,1
2018,14,3227,189,85,Defender,24,23.79552644,3,1,0,0,0,0,1
2019,281,1139,189,85,Defender,25,23.79552644,3,1,0,14,0,0,1
2020,28,1423,189,85,Defender,26,23.79552644,3,1,1,281,0,0,1
2016,163,1425,176,72.5,Defender,33,23.40521694,3.5,1,0,0,0,0,1
2016,79,171,183.6666667,90.33333333,Midfielder,28,26.77856792,3.5,3,0,0,0,1,0
2017,255,538,183.6666667,90.33333333,Midfielder,29,26.77856792,3.5,3,0,79,0,1,0
2018,16,44,183.6666667,90.33333333,Midfielder,30,26.77856792,3.5,3,1,255,0,1,0
2016,2,0,179,67,Midfielder,20,20.91070816,3,3,0,0,0,1,0
2016,9,0,183,79,Midfielder,32,23.58983547,3,3,0,0,0,1,0
2016,63,754,178,75.16666667,Defender,20,23.72385642,4,1,0,0,0,0,1
2017,59,1979,178,75.16666667,Defender,21,23.72385642,4,1,0,63,0,0,1
2018,24,3420,178,75.16666667,Defender,22,23.72385642,4,1,0,59,0,0,1
2019,31,2500,178,75.16666667,Defender,23,23.72385642,4,1,0,24,0,0,1
2020,77,2400,178,75.16666667,Defender,24,23.72385642,4,1,0,31,0,0,1
2016,42,1845,170,67,Defender,35,23.183391,3.5,1,0,0,0,0,1
2016,42,1845,170,67,Defender,35,23.183391,3.5,1,0,42,0,0,1
2016,42,1845,181.6666667,75.16666667,Defender,23,22.77586062,3.5,1,0,42,0,0,1
2016,42,1845,181.6666667,75.16666667,Defender,23,22.77586062,3.5,1,0,42,0,0,1
2016,42,1845,185,74,Defender,21,21.62162162,3,1,0,42,0,0,1
2016,42,1845,185,74,Defender,21,21.62162162,3,1,0,42,0,0,1
2018,32,1964,170,67,Defender,37,23.183391,3.5,1,0,42,0,0,1
2018,32,1964,170,67,Defender,37,23.183391,3.5,1,0,32,0,0,1
2018,32,1964,181.6666667,75.16666667,Defender,25,22.77586062,3.5,1,0,32,0,0,1
2018,32,1964,181.6666667,75.16666667,Defender,25,22.77586062,3.5,1,0,32,0,0,1
2018,32,1964,185,74,Defender,23,21.62162162,3,1,0,32,0,0,1
2018,32,1964,185,74,Defender,23,21.62162162,3,1,0,32,0,0,1
2019,153,1508,170,67,Defender,38,23.183391,3.5,1,0,32,0,0,1
2019,153,1508,170,67,Defender,38,23.183391,3.5,1,1,153,0,0,1
2019,153,1508,181.6666667,75.16666667,Defender,26,22.77586062,3.5,1,1,153,0,0,1
2019,153,1508,181.6666667,75.16666667,Defender,26,22.77586062,3.5,1,1,153,0,0,1
2019,153,1508,185,74,Defender,24,21.62162162,3,1,1,153,0,0,1
2019,153,1508,185,74,Defender,24,21.62162162,3,1,1,153,0,0,1
2020,103,1440,170,67,Defender,39,23.183391,3.5,1,1,153,0,0,1
2020,103,1440,170,67,Defender,39,23.183391,3.5,1,0,103,0,0,1
2020,103,1440,181.6666667,75.16666667,Defender,27,22.77586062,3.5,1,0,103,0,0,1
2020,103,1440,181.6666667,75.16666667,Defender,27,22.77586062,3.5,1,0,103,0,0,1
2020,103,1440,185,74,Defender,25,21.62162162,3,1,0,103,0,0,1
2020,103,1440,185,74,Defender,25,21.62162162,3,1,0,103,0,0,1
2018,89,63,185,78,Defender,25,22.79035793,3,1,0,0,0,0,1
2019,188,0,185,78,Defender,26,22.79035793,3,1,0,89,0,0,1
2019,44,2805,183.3333333,74.66666667,Defender,21,22.21487603,3.5,1,0,0,0,0,1
2020,11,2838,183.3333333,74.66666667,Defender,22,22.21487603,3.5,1,0,44,0,0,1
2016,171,0,192.5,86.66666667,Goalkeeper,29,23.38786754,3,0,0,0,0,0,0
2018,68,583,192.5,86.66666667,Goalkeeper,31,23.38786754,3,0,1,171,0,0,0
2017,21,593,183,77.66666667,Forward,24,23.19169479,3.5,2,0,0,1,0,0
2017,247,391,185,83.33333333,Defender,23,24.348673,3.5,1,0,0,0,0,1
2018,351,950,185,83.33333333,Defender,24,24.348673,3.5,1,1,247,0,0,1
2019,58,1561,185,83.33333333,Defender,25,24.348673,3.5,1,1,351,0,0,1
2020,58,1000,185,83.33333333,Defender,26,24.348673,3.5,1,0,58,0,0,1
2018,7,63,177.5,68.5,Defender,18,21.74171791,3.5,1,0,0,0,0,1
2017,57,2755,181,78,Defender,28,23.80879705,3.5,1,0,0,0,0,1
2020,132,2839,181,78,Defender,31,23.80879705,3.5,1,0,57,0,0,1
2020,24,1691,174.8333333,73.66666667,Midfielder,26,24.10030525,4,3,0,0,0,1,0
2016,92,85,179.8,75.6,Midfielder,31,23.38527173,3,3,0,0,0,1,0
2018,23,36,188,80,Defender,19,22.63467632,3,1,0,0,0,0,1
2017,71,808,178,74,Midfielder,29,23.35563691,3.5,3,0,0,0,1,0
2018,10,1011,178,74,Midfielder,30,23.35563691,3.5,3,0,71,0,1,0
2018,35,2947,190,82.66666667,Goalkeeper,26,22.89935365,3,0,0,0,0,0,0
2019,67,2795,190,82.66666667,Goalkeeper,27,22.89935365,3,0,0,35,0,0,0
2020,131,279,170,66.5,Midfielder,19,23.01038062,3,3,0,0,0,1,0
2016,52,2391,180,77,Defender,29,23.7654321,3.5,1,0,0,0,0,1
2016,40,0,191,92,Goalkeeper,34,25.21860695,3,0,0,0,0,0,0
2016,35,280,176.8,70,Defender,22,22.39409512,3.5,1,0,0,0,0,1
2017,136,0,176.8,70,Defender,23,22.39409512,3.5,1,0,35,0,0,1
2019,4,1060,182,70,Defender,19,21.13271344,3.5,1,0,0,0,0,1
2020,22,203,182,70,Defender,20,21.13271344,3.5,1,0,4,0,0,1
2016,21,644,185,91,Defender,32,26.58875091,3.5,1,0,0,0,0,1
2020,10,815,185,91,Defender,36,26.58875091,3.5,1,0,21,0,0,1
2016,18,258,186,74,Defender,20,21.38975604,3,1,0,0,0,0,1
2017,60,1311,185,77.33333333,Defender,25,22.59556854,3.5,1,0,0,0,0,1
2016,34,1106,172,67.5,Defender,26,22.81638724,3.5,1,0,0,0,0,1
2019,12,1838,178,67.5,Midfielder,18,21.30412827,4,3,0,0,0,1,0
2020,10,2669,178,67.5,Midfielder,19,21.30412827,4,3,0,12,0,1,0
2018,73,2111,187,76,Forward,24,21.73353542,3.5,2,0,0,1,0,0
2019,10,721,178,75,Forward,24,23.67125363,3.5,2,0,0,1,0,0
2020,11,1628,178,75,Forward,25,23.67125363,3.5,2,0,10,1,0,0
2016,260,1402,180,66,Forward,24,20.37037037,3.5,2,0,0,1,0,0
2016,260,1402,182,68,Forward,19,20.52892163,3.5,2,1,260,1,0,0
2018,72,2649,180,66,Forward,26,20.37037037,3.5,2,1,260,1,0,0
2018,72,2649,182,68,Forward,21,20.52892163,3.5,2,0,72,1,0,0
2019,12,3061,180,66,Forward,27,20.37037037,3.5,2,0,72,1,0,0
2019,12,3061,182,68,Forward,22,20.52892163,3.5,2,0,12,1,0,0
2020,99,2195,180,66,Forward,28,20.37037037,3.5,2,0,12,1,0,0
2020,99,2195,182,68,Forward,23,20.52892163,3.5,2,0,99,1,0,0
2016,63,2375,182.8333333,70.66666667,Defender,21,21.13994494,3,1,0,0,0,0,1
2017,58,904,182.8333333,70.66666667,Defender,22,21.13994494,3,1,0,63,0,0,1
2018,22,2736,182.8333333,70.66666667,Defender,23,21.13994494,3,1,0,58,0,0,1
2019,315,1163,182.8333333,70.66666667,Defender,24,21.13994494,3,1,0,22,0,0,1
2018,72,175,185,77,Defender,26,22.49817385,4,1,0,0,0,0,1
2018,61,1145,183,78,Forward,27,23.29122996,3.5,2,0,0,1,0,0
2019,275,496,183,78,Forward,28,23.29122996,3.5,2,0,61,1,0,0
2020,222,65,183,78,Forward,29,23.29122996,3.5,2,1,275,1,0,0
2016,143,969,188,84,Forward,27,23.76641014,3.5,2,0,0,1,0,0
2017,98,1115,188,84,Forward,28,23.76641014,3.5,2,1,143,1,0,0
2018,32,1050,188,84,Forward,29,23.76641014,3.5,2,0,98,1,0,0
2016,17,3230,178,75,Midfielder,30,23.67125363,3.5,3,0,0,0,1,0
2018,190,1674,178,75,Midfielder,32,23.67125363,3.5,3,0,17,0,1,0
2019,424,132,178,75,Midfielder,33,23.67125363,3.5,3,1,190,0,1,0
2017,5,1004,182.6666667,70.66666667,Defender,24,21.17853908,3.5,1,0,0,0,0,1
2019,30,2056,182.6666667,70.66666667,Defender,26,21.17853908,3.5,1,0,5,0,0,1
2020,107,2559,182.6666667,70.66666667,Defender,27,21.17853908,3.5,1,0,30,0,0,1
2020,3,2691,187,80,Defender,32,22.8774057,3.5,1,0,0,0,0,1
2016,238,2613,185.6666667,84.33333333,Midfielder,32,24.46422067,3,3,0,0,0,1,0
2019,157,966,191,75,Defender,22,20.55864697,4,1,0,0,0,0,1
2016,91,1292,193.3333333,82.5,Defender,27,22.07193817,3.5,1,0,0,0,0,1
2018,57,2243,193.3333333,82.5,Defender,29,22.07193817,3.5,1,0,91,0,0,1
2017,103,1888,168.5,66.5,Midfielder,25,23.42188449,3,3,0,0,0,1,0
2019,12,819,168.5,66.5,Midfielder,27,23.42188449,3,3,0,103,0,1,0
2017,55,2376,190,83,Forward,27,22.99168975,2.5,2,0,0,1,0,0
2018,146,863,190,83,Forward,28,22.99168975,2.5,2,0,55,1,0,0
2019,49,1347,190,83,Forward,29,22.99168975,2.5,2,1,146,1,0,0
2020,14,1943,190,83,Forward,30,22.99168975,2.5,2,0,49,1,0,0
2018,28,2933,179.8333333,74.33333333,Midfielder,26,22.98493181,3.5,3,0,0,0,1,0
2019,5,1185,179.8333333,74.33333333,Midfielder,27,22.98493181,3.5,3,0,28,0,1,0
2017,9,2038,186.6666667,87,Defender,31,24.96811224,3,1,0,0,0,0,1
2020,56,742,186.6666667,87,Defender,34,24.96811224,3,1,0,9,0,0,1
2016,52,823,187.6666667,84,Defender,25,23.85091287,3.5,1,0,0,0,0,1
2018,22,1740,187.6666667,84,Defender,27,23.85091287,3.5,1,0,52,0,0,1
2019,11,2423,187.6666667,84,Defender,28,23.85091287,3.5,1,0,22,0,0,1
2019,172,1798,175.2,69,Midfielder,21,22.47920185,3,3,0,0,0,1,0
2020,108,1840,175.2,69,Midfielder,22,22.47920185,3,3,1,172,0,1,0
2020,132,0,195,74.4,Goalkeeper,25,19.56607495,3,0,0,0,0,0,0
2018,17,3491,189,78.66666667,Defender,28,22.02252643,3,1,0,0,0,0,1
2019,177,1511,194,88.25,Defender,26,23.44829419,3.5,1,0,0,0,0,1
2017,78,1689,190.3333333,93.5,Forward,26,25.80963744,3.5,2,0,0,1,0,0
2018,7,2706,190.3333333,93.5,Forward,27,25.80963744,3.5,2,0,78,1,0,0
2019,70,2553,190.3333333,93.5,Forward,28,25.80963744,3.5,2,0,7,1,0,0
2020,17,2865,190.3333333,93.5,Forward,29,25.80963744,3.5,2,0,70,1,0,0
2016,101,0,184,73.66666667,Forward,21,21.75882168,3,2,0,0,1,0,0
2017,31,1845,186.5,82,Defender,28,23.57524312,3,1,0,0,0,0,1
2018,90,908,186.5,82,Defender,29,23.57524312,3,1,0,31,0,0,1
2019,243,1243,186.5,82,Defender,30,23.57524312,3,1,0,90,0,0,1
2020,43,1988,186.5,82,Defender,31,23.57524312,3,1,1,243,0,0,1
2016,57,2074,184,80,Goalkeeper,33,23.6294896,3,0,0,0,0,0,0
2016,57,2074,170.25,71,Goalkeeper,19,24.49537585,3,0,0,57,0,0,0
2018,264,0,184,80,Goalkeeper,35,23.6294896,3,0,0,57,0,0,0
2018,264,0,170.25,71,Goalkeeper,21,24.49537585,3,0,1,264,0,0,0
2017,41,1376,191,79,Forward,26,21.65510814,3,2,0,0,1,0,0
2018,36,47,191,79,Forward,27,21.65510814,3,2,0,41,1,0,0
2016,470,441,190.3333333,90,Forward,23,24.84350128,3.5,2,0,0,1,0,0
2018,160,91,190.3333333,90,Forward,25,24.84350128,3.5,2,1,470,1,0,0
2019,52,120,190.3333333,90,Forward,26,24.84350128,3.5,2,1,160,1,0,0
2020,171,0,190.3333333,90,Forward,27,24.84350128,3.5,2,0,52,1,0,0
2020,13,232,180.8333333,63.33333333,Midfielder,29,19.36758054,4,3,0,0,0,1,0
2020,69,2355,183,73,Defender,27,21.79820239,3,1,0,0,0,0,1
2016,27,91,203,98.33333333,,29,23.86210132,3,,0,0,0,0,0
2017,14,0,203,98.33333333,,30,23.86210132,3,,0,27,0,0,0
2016,82,1226,189.3333333,79.66666667,Defender,27,22.22401309,3,1,0,0,0,0,1
2017,211,525,189.3333333,79.66666667,Defender,28,22.22401309,3,1,0,82,0,0,1
2019,31,2625,189.3333333,79.66666667,Defender,30,22.22401309,3,1,1,211,0,0,1
2017,66,2639,188,83.16666667,Defender,27,23.53063226,3,1,0,0,0,0,1
2019,19,2545,188,83.16666667,Defender,29,23.53063226,3,1,0,66,0,0,1
2017,16,1931,184.2,75,Defender,28,22.10456698,3,1,0,0,0,0,1
2016,58,2242,188,86.83333333,Defender,31,24.56805493,3,1,0,0,0,0,1
2018,34,2683,185,73.33333333,Midfielder,29,21.42683224,3.5,3,0,0,0,1,0
2019,26,2674,185,73.33333333,Midfielder,30,21.42683224,3.5,3,0,34,0,1,0
2020,35,283,185,73.33333333,Midfielder,31,21.42683224,3.5,3,0,26,0,1,0
2017,89,387,180,72,Defender,27,22.22222222,3.5,1,0,0,0,0,1
2019,38,3041,198.5,87,Defender,27,22.07995736,2.5,1,0,0,0,0,1
2018,72,1843,183,79,Midfielder,28,23.58983547,3.5,3,0,0,0,1,0
2019,194,1345,183,79,Midfielder,29,23.58983547,3.5,3,0,72,0,1,0
2017,72,535,185,78.16666667,Defender,23,22.83905527,3.5,1,0,0,0,0,1
2018,330,679,185,78.16666667,Defender,24,22.83905527,3.5,1,0,72,0,0,1
2020,75,769,185,78.16666667,Defender,26,22.83905527,3.5,1,1,330,0,0,1
2019,19,2402,172.5,76,Midfielder,22,25.54085276,3.5,3,0,0,0,1,0
2020,27,957,172.5,76,Midfielder,23,25.54085276,3.5,3,0,19,0,1,0
2016,70,834,184,76,Forward,27,22.44801512,2.5,2,0,0,1,0,0
2017,122,592,184,76,Forward,28,22.44801512,2.5,2,0,70,1,0,0
2016,7,2602,177.1666667,73.66666667,Midfielder,26,23.46967041,3,3,0,0,0,1,0
2017,130,572,177.1666667,73.66666667,Midfielder,27,23.46967041,3,3,0,7,0,1,0
2018,127,0,177.1666667,73.66666667,Midfielder,28,23.46967041,3,3,1,130,0,1,0
2019,123,322,177.1666667,73.66666667,Midfielder,29,23.46967041,3,3,1,127,0,1,0
2018,106,1696,178,73,Forward,26,23.0400202,4,2,0,0,1,0,0
2020,61,2265,178,73,Forward,28,23.0400202,4,2,0,106,1,0,0
2016,28,1608,173.6666667,74.66666667,Defender,26,24.75676114,3.5,1,0,0,0,0,1
2016,28,1608,173.6666667,74.66666667,Midfielder,26,24.75676114,3.5,3,0,28,0,1,0
2016,28,1608,173,72,Defender,23,24.05693475,3,1,0,28,0,0,1
2016,28,1608,173,72,Midfielder,23,24.05693475,3,3,0,28,0,1,0
2016,28,1608,170,66,Defender,28,22.83737024,3.5,1,0,28,0,0,1
2016,28,1608,170,66,Midfielder,28,22.83737024,3.5,3,0,28,0,1,0
2017,293,839,173.6666667,74.66666667,Defender,27,24.75676114,3.5,1,0,28,0,0,1
2017,293,839,173.6666667,74.66666667,Midfielder,27,24.75676114,3.5,3,1,293,0,1,0
2017,293,839,173,72,Defender,24,24.05693475,3,1,1,293,0,0,1
2017,293,839,173,72,Midfielder,24,24.05693475,3,3,1,293,0,1,0
2017,293,839,170,66,Defender,29,22.83737024,3.5,1,1,293,0,0,1
2017,293,839,170,66,Midfielder,29,22.83737024,3.5,3,1,293,0,1,0
2018,49,1898,173.6666667,74.66666667,Defender,28,24.75676114,3.5,1,1,293,0,0,1
2018,49,1898,173.6666667,74.66666667,Midfielder,28,24.75676114,3.5,3,0,49,0,1,0
2018,49,1898,173,72,Defender,25,24.05693475,3,1,0,49,0,0,1
2018,49,1898,173,72,Midfielder,25,24.05693475,3,3,0,49,0,1,0
2018,49,1898,170,66,Defender,30,22.83737024,3.5,1,0,49,0,0,1
2018,49,1898,170,66,Midfielder,30,22.83737024,3.5,3,0,49,0,1,0
2017,38,2418,176.5,78.75,Defender,30,25.27907294,3,1,0,0,0,0,1
2017,259,0,180,80,Forward,27,24.69135802,4,2,0,0,1,0,0
2017,259,0,180,80,Goalkeeper,27,24.69135802,4,0,1,259,0,0,0
2017,259,0,191,88,Forward,24,24.12214577,3,2,1,259,1,0,0
2017,259,0,191,88,Goalkeeper,24,24.12214577,3,0,1,259,0,0,0
2018,50,485,180,80,Forward,28,24.69135802,4,2,1,259,1,0,0
2018,50,485,180,80,Goalkeeper,28,24.69135802,4,0,0,50,0,0,0
2018,50,485,191,88,Forward,25,24.12214577,3,2,0,50,1,0,0
2018,50,485,191,88,Goalkeeper,25,24.12214577,3,0,0,50,0,0,0
2020,71,0,180,80,Forward,30,24.69135802,4,2,0,50,1,0,0
2020,71,0,180,80,Goalkeeper,30,24.69135802,4,0,0,71,0,0,0
2020,71,0,191,88,Forward,27,24.12214577,3,2,0,71,1,0,0
2020,71,0,191,88,Goalkeeper,27,24.12214577,3,0,0,71,0,0,0
2016,3,796,185,73,Forward,26,21.32943755,4,2,0,0,1,0,0
2017,57,1290,185,73,Forward,27,21.32943755,4,2,0,3,1,0,0
2018,203,182,185,73,Forward,28,21.32943755,4,2,0,57,1,0,0
2019,103,888,185,73,Forward,29,21.32943755,4,2,1,203,1,0,0
2020,42,1617,185,73,Forward,30,21.32943755,4,2,0,103,1,0,0
2017,183,1206,182,78,Midfielder,28,23.54788069,3,3,0,0,0,1,0
2017,183,1206,182,78,Midfielder,28,23.54788069,3,3,1,183,0,1,0
2017,183,1206,185,77,Midfielder,29,22.49817385,3,3,1,183,0,1,0
2017,183,1206,185,77,Midfielder,29,22.49817385,3,3,1,183,0,1,0
2018,183,106,182,78,Midfielder,29,23.54788069,3,3,1,183,0,1,0
2018,183,106,182,78,Midfielder,29,23.54788069,3,3,1,183,0,1,0
2018,183,106,185,77,Midfielder,30,22.49817385,3,3,1,183,0,1,0
2018,183,106,185,77,Midfielder,30,22.49817385,3,3,1,183,0,1,0
2020,88,285,187,78.66666667,Goalkeeper,33,22.49611561,3,0,0,0,0,0,0
2016,52,671,180,79.6,Midfielder,29,24.56790123,3,3,0,0,0,1,0
2016,78,1672,185,80,Defender,27,23.37472608,3.5,1,0,0,0,0,1
2017,26,1917,185,80,Defender,28,23.37472608,3.5,1,0,78,0,0,1
2018,97,1602,185,80,Defender,29,23.37472608,3.5,1,0,26,0,0,1
2019,92,638,185,80,Defender,30,23.37472608,3.5,1,0,97,0,0,1
2018,88,2338,179.6,61.2,Midfielder,21,18.97312017,3,3,0,0,0,1,0
2019,325,516,179.6,61.2,Midfielder,22,18.97312017,3,3,0,88,0,1,0
2018,41,380,191,78.5,Goalkeeper,29,21.51805049,3,0,0,0,0,0,0
2018,35,145,182.5,70.33333333,Defender,26,21.11715769,4,1,0,0,0,0,1
2019,24,460,187.3333333,86.33333333,Goalkeeper,33,24.60075227,3,0,0,0,0,0,0
2019,60,1889,183,74,Midfielder,32,22.09680791,3,3,0,0,0,1,0
2020,18,2521,183,74,Midfielder,33,22.09680791,3,3,0,60,0,1,0
2016,24,152,183,79.66666667,Goalkeeper,28,23.78890581,3,0,0,0,0,0,0
2017,31,405,183,79.66666667,Goalkeeper,29,23.78890581,3,0,0,24,0,0,0
2017,11,2555,174.5,74.5,Midfielder,31,24.46613739,3.5,3,0,0,0,1,0
2018,33,2504,174.5,74.5,Midfielder,32,24.46613739,3.5,3,0,11,0,1,0
2019,29,1907,174.5,74.5,Midfielder,33,24.46613739,3.5,3,0,33,0,1,0
2017,15,270,179.3333333,70.66666667,Midfielder,24,21.97316234,4,3,0,0,0,1,0
2017,43,3012,172.5,73.16666667,Defender,24,24.58867185,3.5,1,0,0,0,0,1
2018,18,2640,172.5,73.16666667,Defender,25,24.58867185,3.5,1,0,43,0,0,1
2019,184,999,172.5,73.16666667,Defender,26,24.58867185,3.5,1,0,18,0,0,1
2020,44,457,172.5,73.16666667,Defender,27,24.58867185,3.5,1,1,184,0,0,1
2020,29,1190,190,84,Goalkeeper,23,23.26869806,3,0,0,0,0,0,0
2016,337,1845,182.2,73.2,Midfielder,32,22.05029153,3.5,3,0,0,0,1,0
2017,34,0,182.2,73.2,Midfielder,33,22.05029153,3.5,3,1,337,0,1,0
2016,7,2689,188,84,Defender,27,23.76641014,3.5,1,0,0,0,0,1
2017,13,2259,188,84,Defender,28,23.76641014,3.5,1,0,7,0,0,1
2018,138,1041,188,84,Defender,29,23.76641014,3.5,1,0,13,0,0,1
2019,51,822,188,84,Defender,30,23.76641014,3.5,1,1,138,0,0,1
2016,10,3172,187.8333333,78.16666667,Midfielder,20,22.1552299,3.5,3,0,0,0,1,0
2017,13,3075,187.8333333,78.16666667,Midfielder,21,22.1552299,3.5,3,0,10,0,1,0
2018,104,1898,187.8333333,78.16666667,Midfielder,22,22.1552299,3.5,3,0,13,0,1,0
2019,49,1939,187.8333333,78.16666667,Midfielder,23,22.1552299,3.5,3,0,104,0,1,0
2020,18,659,187.8333333,78.16666667,Midfielder,24,22.1552299,3.5,3,0,49,0,1,0
2018,31,2072,179.6666667,71.33333333,Forward,22,22.09823042,3,2,0,0,1,0,0
2018,72,45,180,70,Defender,20,21.60493827,3.5,1,0,0,0,0,1
2018,15,2744,178.3333333,69.33333333,Defender,30,21.80103066,4,1,0,0,0,0,1
2019,4,1205,181,78,Midfielder,25,23.80879705,3.5,3,0,0,0,1,0
2020,85,743,181,78,Midfielder,26,23.80879705,3.5,3,0,4,0,1,0
2019,86,78,190,83,Forward,25,22.99168975,3.5,2,0,0,1,0,0
2016,337,191,184,79,Forward,27,23.33412098,3.5,2,0,0,1,0,0
2017,18,359,184,79,Forward,28,23.33412098,3.5,2,1,337,1,0,0
2016,146,808,185,73,Forward,31,21.32943755,3.5,2,0,0,1,0,0
2016,14,1587,175,77,Midfielder,29,25.14285714,3,3,0,0,0,1,0
2016,14,1581,186,75,Forward,21,21.6788068,3.5,2,0,0,1,0,0
2017,18,14,186,75,Forward,22,21.6788068,3.5,2,0,14,1,0,0
2019,12,804,186,75,Forward,24,21.6788068,3.5,2,0,18,1,0,0
2018,91,366,175,65.75,Midfielder,19,21.46938776,3,3,0,0,0,1,0
2019,36,38,175,65.75,Midfielder,20,21.46938776,3,3,0,91,0,1,0
2018,157,382,186,77.5,Forward,21,22.40143369,3.5,2,0,0,1,0,0
2020,14,601,183.3333333,74.33333333,Midfielder,23,22.11570248,3,3,0,0,0,1,0
2016,286,1060,175,72,Forward,22,23.51020408,3.5,2,0,0,1,0,0
2016,25,2496,181,76,Midfielder,28,23.19831507,3,3,0,0,0,1,0
2017,15,2061,175.5,74.83333333,Forward,27,24.29633959,3,2,0,0,1,0,0
2019,156,908,175.5,74.83333333,Forward,29,24.29633959,3,2,0,15,1,0,0
2020,97,580,175.5,74.83333333,Forward,30,24.29633959,3,2,1,156,1,0,0
2019,21,3501,183,68.66666667,Midfielder,20,20.50424518,4,3,0,0,0,1,0
2020,20,3231,183,68.66666667,Midfielder,21,20.50424518,4,3,0,21,0,1,0
2020,166,2684,173,67,Midfielder,22,22.38631428,3,3,0,0,0,1,0
2016,97,3072,173.6666667,74.33333333,Forward,25,24.64623988,3.5,2,0,0,1,0,0
2018,19,3071,173.6666667,74.33333333,Forward,27,24.64623988,3.5,2,0,97,1,0,0
2017,144,885,189,73.5,Midfielder,21,20.57613169,3.5,3,0,0,0,1,0
2020,42,1473,184.4,73.4,Forward,33,21.58610208,4,2,0,0,1,0,0
2017,262,668,187,84,Defender,26,24.02127599,3.5,1,0,0,0,0,1
2017,147,1378,178,74,Forward,25,23.35563691,3.5,2,0,0,1,0,0
2018,32,42,170.6666667,61,Midfielder,22,20.94268799,3.5,3,0,0,0,1,0
2018,210,0,182,64,Midfielder,18,19.321338,3.5,3,0,0,0,1,0
2019,25,102,182,64,Midfielder,19,19.321338,3.5,3,1,210,0,1,0
2020,92,1493,182,64,Midfielder,20,19.321338,3.5,3,0,25,0,1,0
2019,151,1035,181,75.5,Defender,25,23.04569458,3.5,1,0,0,0,0,1
2020,52,1345,181,75.5,Defender,26,23.04569458,3.5,1,1,151,0,0,1
2016,39,2513,185.6666667,82.66666667,Midfielder,22,23.98073805,3,3,0,0,0,1,0
2017,68,2199,185.6666667,82.66666667,Midfielder,23,23.98073805,3,3,0,39,0,1,0
2019,12,3526,183,78,Defender,29,23.29122996,3.5,1,0,0,0,0,1
2020,68,2850,183,78,Defender,30,23.29122996,3.5,1,0,12,0,0,1
2016,38,2170,186.6666667,77,Defender,22,22.09821429,3.5,1,0,0,0,0,1
2017,121,1060,186.6666667,77,Defender,23,22.09821429,3.5,1,0,38,0,0,1
2018,130,694,186.6666667,77,Defender,24,22.09821429,3.5,1,1,121,0,0,1
2019,174,168,186.6666667,77,Defender,25,22.09821429,3.5,1,1,130,0,0,1
2020,70,970,186.6666667,77,Defender,26,22.09821429,3.5,1,1,174,0,0,1
2016,14,3209,188.6666667,88.16666667,Defender,22,24.76931913,3.5,1,0,0,0,0,1
2018,113,1579,188.6666667,88.16666667,Defender,24,24.76931913,3.5,1,0,14,0,0,1
2019,13,1426,188.6666667,88.16666667,Defender,25,24.76931913,3.5,1,0,113,0,0,1
2020,12,2660,188.6666667,88.16666667,Defender,26,24.76931913,3.5,1,0,13,0,0,1
2018,83,2177,182.8333333,71.66666667,Defender,26,21.4390951,3.5,1,0,0,0,0,1
2016,388,633,183.1666667,76.66666667,Midfielder,24,22.85144655,4,3,0,0,0,1,0
2018,133,1032,183.1666667,76.66666667,Midfielder,26,22.85144655,4,3,1,388,0,1,0
2019,78,1291,183.1666667,76.66666667,Midfielder,27,22.85144655,4,3,1,133,0,1,0
2020,53,808,183.1666667,76.66666667,Midfielder,28,22.85144655,4,3,0,78,0,1,0
2017,17,2860,183.1666667,85.66666667,Defender,29,25.53400767,3.5,1,0,0,0,0,1
2020,33,1345,183.1666667,85.66666667,Defender,32,25.53400767,3.5,1,0,17,0,0,1
2017,123,15,182.6666667,72.66666667,Defender,17,21.7779317,3,1,0,0,0,0,1
2018,76,0,182.6666667,72.66666667,Defender,18,21.7779317,3,1,1,123,0,0,1
2020,39,2195,182.6666667,72.66666667,Defender,20,21.7779317,3,1,0,76,0,0,1
2019,17,2142,183,77,Defender,21,22.99262444,3,1,0,0,0,0,1
2020,12,3327,183,77,Defender,22,22.99262444,3,1,0,17,0,0,1
2016,126,254,174,69,Midfielder,27,22.79032897,4,3,0,0,0,1,0
2017,61,1826,174,69,Midfielder,28,22.79032897,4,3,1,126,0,1,0
2018,60,771,174,69,Midfielder,29,22.79032897,4,3,0,61,0,1,0
2019,205,1279,174,69,Midfielder,30,22.79032897,4,3,0,60,0,1,0
2020,84,296,174,69,Midfielder,31,22.79032897,4,3,1,205,0,1,0
2016,112,1841,180,74,Forward,25,22.83950617,3.5,2,0,0,1,0,0
2019,36,1358,185,75.6,Defender,22,22.08911614,3,1,0,0,0,0,1
2017,28,2219,188.8333333,85,Defender,26,23.83754944,3.5,1,0,0,0,0,1
2018,394,1110,188.8333333,85,Defender,27,23.83754944,3.5,1,0,28,0,0,1
2019,86,466,188.8333333,85,Defender,28,23.83754944,3.5,1,1,394,0,0,1
2019,702,147,180.6666667,78,Forward,26,23.89673343,4,2,0,0,1,0,0
2020,64,0,180.6666667,78,Forward,27,23.89673343,4,2,1,702,1,0,0
2016,95,0,193,86.4,Defender,28,23.19525356,3.5,1,0,0,0,0,1
2016,77,214,172,81.83333333,Forward,29,27.66134848,3.5,2,0,0,1,0,0
2016,33,1864,177.3333333,74,Midfielder,25,23.53157329,3.5,3,0,0,0,1,0
2017,232,181,177.3333333,74,Midfielder,26,23.53157329,3.5,3,0,33,0,1,0
2016,11,3610,201,92.5,Goalkeeper,28,22.89547288,3,0,0,0,0,0,0
2020,31,0,189,78,Defender,21,21.83589485,3,1,0,0,0,0,1
2020,68,973,184,77.83333333,Midfielder,31,22.98952426,3.5,3,0,0,0,1,0
2017,104,2022,183,78.5,Midfielder,36,23.44053271,3.5,3,0,0,0,1,0
2016,92,3308,192.6,89.2,Defender,37,24.04652301,3,1,0,0,0,0,1
2018,142,32,193,86.66666667,Defender,33,23.26684385,3,1,0,0,0,0,1
2019,36,2288,193,86.66666667,Defender,34,23.26684385,3,1,1,142,0,0,1
2020,139,1900,193,86.66666667,Defender,35,23.26684385,3,1,0,36,0,0,1
2018,16,57,191.3333333,75,Forward,28,20.48707645,3,2,0,0,1,0,0
2016,126,1723,191,84,Defender,31,23.0256846,3,1,0,0,0,0,1
2017,34,1609,191,84,Defender,32,23.0256846,3,1,1,126,0,0,1
2020,24,2939,175.5,67.83333333,Defender,27,22.02363076,3.5,1,0,0,0,0,1
2016,104,2080,188,83.16666667,Midfielder,29,23.53063226,4,3,0,0,0,1,0
2016,25,3119,175,70.66666667,Midfielder,26,23.07482993,4,3,0,0,0,1,0
2017,11,2522,175,70.66666667,Midfielder,27,23.07482993,4,3,0,25,0,1,0
2018,47,2846,175,70.66666667,Midfielder,28,23.07482993,4,3,0,11,0,1,0
2019,11,3058,175,70.66666667,Midfielder,29,23.07482993,4,3,0,47,0,1,0
2019,55,1589,175.5,68.83333333,Midfielder,23,22.34830345,4,3,0,0,0,1,0
2020,134,985,175.5,68.83333333,Midfielder,24,22.34830345,4,3,0,55,0,1,0
2016,85,2070,182,72.66666667,Defender,32,21.93776919,3,1,0,0,0,0,1
2017,21,2300,184.2,82.4,Forward,34,24.28555092,2.5,2,0,0,1,0,0
2018,27,2636,184.2,82.4,Forward,35,24.28555092,2.5,2,0,21,1,0,0
2019,12,878,184.2,82.4,Forward,36,24.28555092,2.5,2,0,27,1,0,0
2016,12,2395,180,80,Midfielder,32,24.69135802,3.5,3,0,0,0,1,0
2020,43,1292,180.3333333,73,Midfielder,22,22.44764778,3.5,3,0,0,0,1,0
2016,10,2666,185,81.66666667,Midfielder,24,23.86169954,3,3,0,0,0,1,0
2017,9,3421,185,81.66666667,Midfielder,25,23.86169954,3,3,0,10,0,1,0
2018,46,2626,185,81.66666667,Midfielder,26,23.86169954,3,3,0,9,0,1,0
2019,25,2721,185,81.66666667,Midfielder,27,23.86169954,3,3,0,46,0,1,0
2019,208,1332,188.3333333,79.33333333,Defender,28,22.36666928,2.5,1,0,0,0,0,1
2018,26,665,183,70,Defender,27,20.90238586,3.5,1,0,0,0,0,1
2016,366,0,180,73,Forward,22,22.5308642,3.5,2,0,0,1,0,0
2017,25,472,190.3333333,87.33333333,Forward,26,24.10739754,3,2,0,0,1,0,0
2020,73,1224,180.3333333,67.5,Midfielder,27,20.75638665,4,3,0,0,0,1,0
2020,54,2371,173.8333333,72.33333333,Midfielder,25,23.93714569,3.5,3,0,0,0,1,0
2016,6,3127,176.6666667,70,Midfielder,27,22.42791029,4,3,0,0,0,1,0
2018,99,2076,176.6666667,70,Midfielder,29,22.42791029,4,3,0,6,0,1,0
2016,73,2611,188,80.5,Forward,23,22.77614305,4,2,0,0,1,0,0
2017,35,3223,188,80.5,Forward,24,22.77614305,4,2,0,73,1,0,0
2018,93,2547,188,80.5,Forward,25,22.77614305,4,2,0,35,1,0,0
2019,90,2721,188,80.5,Forward,26,22.77614305,4,2,0,93,1,0,0
2020,18,3239,188,80.5,Forward,27,22.77614305,4,2,0,90,1,0,0
2018,44,2830,192,93,Defender,25,25.22786458,4,1,0,0,0,0,1
2020,35,3213,192,93,Defender,27,25.22786458,4,1,0,44,0,0,1
2019,20,1716,172.4,70,Midfielder,22,23.55176813,3,3,0,0,0,1,0
2016,59,620,176.6666667,71,Midfielder,20,22.74830901,3.5,3,0,0,0,1,0
2017,186,830,176.6666667,71,Midfielder,21,22.74830901,3.5,3,0,59,0,1,0
2018,81,1707,176.6666667,71,Midfielder,22,22.74830901,3.5,3,1,186,0,1,0
2019,8,2332,176.6666667,71,Midfielder,23,22.74830901,3.5,3,0,81,0,1,0
2020,6,911,176.6666667,71,Midfielder,24,22.74830901,3.5,3,0,8,0,1,0
2020,122,2041,176.4,66.8,Midfielder,23,21.4673927,3.5,3,0,0,0,1,0
2016,43,1414,177,75,Midfielder,27,23.93948099,4,3,0,0,0,1,0
2017,23,1782,177,75,Midfielder,28,23.93948099,4,3,0,43,0,1,0
2018,70,1729,177,75,Midfielder,29,23.93948099,4,3,0,23,0,1,0
2019,85,121,177,75,Midfielder,30,23.93948099,4,3,0,70,0,1,0
2019,14,222,184.3333333,85,Midfielder,29,25.01561432,3,3,0,0,0,1,0
2016,31,3170,188,80.66666667,Goalkeeper,30,22.82329863,3,0,0,0,0,0,0
2017,14,3420,188,80.66666667,Goalkeeper,31,22.82329863,3,0,0,31,0,0,0
2018,40,3135,188,80.66666667,Goalkeeper,32,22.82329863,3,0,0,14,0,0,0
2019,116,1908,188,80.66666667,Goalkeeper,33,22.82329863,3,0,0,40,0,0,0
2020,11,3610,188,80.66666667,Goalkeeper,34,22.82329863,3,0,0,116,0,0,0
2020,32,1110,180,78,Midfielder,35,24.07407407,3.5,3,0,0,0,1,0
2020,32,1110,179,63.33333333,Midfielder,21,19.76634104,4,3,0,32,0,1,0
2016,340,427,180,76,Midfielder,30,23.45679012,3,3,0,0,0,1,0
2019,23,806,183.5,81,Midfielder,26,24.05541655,3.5,3,0,0,0,1,0
2018,49,2970,174,68,Midfielder,29,22.46003435,3.5,3,0,0,0,1,0
2019,13,102,180,74,Midfielder,24,22.83950617,3.5,3,0,0,0,1,0
2018,20,1982,186,79,Midfielder,23,22.83500983,3,3,0,0,0,1,0
2020,99,2096,186,79,Midfielder,25,22.83500983,3,3,0,20,0,1,0
2016,91,594,183.3333333,88.66666667,Forward,20,26.38016529,3,2,0,0,1,0,0
2017,75,0,183.3333333,88.66666667,Forward,21,26.38016529,3,2,0,91,1,0,0
2018,39,1153,183.3333333,88.66666667,Forward,22,26.38016529,3,2,0,75,1,0,0
2019,330,90,183.3333333,88.66666667,Forward,23,26.38016529,3,2,0,39,1,0,0
2016,71,1359,188,82.5,Forward,28,23.34200996,4,2,0,0,1,0,0
2017,39,437,188,82.5,Forward,29,23.34200996,4,2,0,71,1,0,0
2020,14,1466,194,92,Defender,23,24.44468062,3,1,0,0,0,0,1
2018,43,768,175,76.5,Forward,25,24.97959184,3.5,2,0,0,1,0,0
2020,14,2592,175,76.5,Forward,27,24.97959184,3.5,2,0,43,1,0,0
2017,10,3325,196,95,Goalkeeper,24,24.72927947,3,0,0,0,0,0,0
2020,14,95,196,95,Goalkeeper,27,24.72927947,3,0,0,10,0,0,0
2016,21,2353,184.3333333,72,Midfielder,27,21.18969684,3.5,3,0,0,0,1,0
2018,10,3493,184.3333333,72,Midfielder,29,21.18969684,3.5,3,0,21,0,1,0
2019,198,2738,184.3333333,72,Midfielder,30,21.18969684,3.5,3,0,10,0,1,0
2019,28,3409,175.8333333,68,Midfielder,24,21.99411514,3,3,0,0,0,1,0
2020,80,2304,175.8333333,68,Midfielder,25,21.99411514,3,3,0,28,0,1,0
2020,246,925,180,67,Defender,27,20.67901235,3.5,1,0,0,0,0,1
2016,65,1573,188,72.75,Midfielder,25,20.58340878,3.5,3,0,0,0,1,0
2019,45,1616,178,62,Defender,23,19.56823633,3.5,1,0,0,0,0,1
2018,12,1801,185,78,Defender,24,22.79035793,3,1,0,0,0,0,1
2016,123,2107,172,68,Midfielder,24,22.98539751,3,3,0,0,0,1,0
2018,220,424,172,68,Midfielder,26,22.98539751,3,3,1,123,0,1,0
2019,226,240,172,68,Midfielder,27,22.98539751,3,3,1,220,0,1,0
2018,24,0,183,78.83333333,Midfielder,22,23.54006788,3,3,0,0,0,1,0
2019,6,834,183,78.83333333,Midfielder,23,23.54006788,3,3,0,24,0,1,0
2020,16,1934,183,78.83333333,Midfielder,24,23.54006788,3,3,0,6,0,1,0
2016,128,0,168.8333333,65.33333333,Midfielder,20,22.92020125,3,3,0,0,0,1,0
2020,20,1361,180,75,Midfielder,31,23.14814815,3,3,0,0,0,1,0
2017,28,3088,188.5,86,Defender,24,24.20336455,3.5,1,0,0,0,0,1
2018,64,2890,188.5,86,Defender,25,24.20336455,3.5,1,0,28,0,0,1
2019,65,2184,188.5,86,Defender,26,24.20336455,3.5,1,0,64,0,0,1
2020,197,1707,188.5,86,Defender,27,24.20336455,3.5,1,0,65,0,0,1
2019,22,2424,177.5,70,Defender,21,22.21781393,3.5,1,0,0,0,0,1
2020,21,1943,177.5,70,Defender,22,22.21781393,3.5,1,0,22,0,0,1
2019,93,0,180.6666667,79,Defender,30,24.20310181,3,1,0,0,0,0,1
2016,39,1756,191.3333333,87.66666667,Forward,33,23.94711603,3,2,0,0,1,0,0
2016,39,1756,191.3333333,87.66666667,Defender,33,23.94711603,3,1,0,39,0,0,1
2016,39,1756,188,86,Forward,26,24.33227705,3.5,2,0,39,1,0,0
2016,39,1756,188,86,Defender,26,24.33227705,3.5,1,0,39,0,0,1
2017,126,1110,191.3333333,87.66666667,Forward,34,23.94711603,3,2,0,39,1,0,0
2017,126,1110,191.3333333,87.66666667,Defender,34,23.94711603,3,1,1,126,0,0,1
2017,126,1110,188,86,Forward,27,24.33227705,3.5,2,1,126,1,0,0
2017,126,1110,188,86,Defender,27,24.33227705,3.5,1,1,126,0,0,1
2019,11,13,183,75,Midfielder,18,22.39541342,3.5,3,0,0,0,1,0
2016,269,59,179.3333333,65,Defender,22,20.21116347,3.5,1,0,0,0,0,1
2020,331,2185,183,72.8,Defender,22,21.73848129,3.5,1,0,0,0,0,1
2018,30,2997,177,73,Midfielder,22,23.30109483,3.5,3,0,0,0,1,0
2019,26,2755,177,73,Midfielder,23,23.30109483,3.5,3,0,30,0,1,0
2020,145,2198,177,73,Midfielder,24,23.30109483,3.5,3,0,26,0,1,0
2016,10,2075,178,65.33333333,Midfielder,29,20.62029205,4,3,0,0,0,1,0
2018,5,3187,178,65.33333333,Midfielder,31,20.62029205,4,3,0,10,0,1,0
2019,24,3214,178,65.33333333,Midfielder,32,20.62029205,4,3,0,5,0,1,0
2020,124,1531,178,65.33333333,Midfielder,33,20.62029205,4,3,0,24,0,1,0
2016,160,648,180,72,Midfielder,26,22.22222222,3.5,3,0,0,0,1,0
2017,502,211,180,72,Midfielder,27,22.22222222,3.5,3,1,160,0,1,0
2020,27,860,180,72,Midfielder,30,22.22222222,3.5,3,1,502,0,1,0
2016,12,3309,175.3333333,70,Midfielder,30,22.77031618,4,3,0,0,0,1,0
2018,48,1907,175.3333333,70,Midfielder,32,22.77031618,4,3,0,12,0,1,0
2019,59,1026,175.3333333,70,Midfielder,33,22.77031618,4,3,0,48,0,1,0
2020,46,1166,175.3333333,70,Midfielder,34,22.77031618,4,3,0,59,0,1,0
2017,238,221,178,64,Midfielder,31,20.19946976,3,3,0,0,0,1,0
2017,96,2945,189.3333333,81,Defender,25,22.5959631,3,1,0,0,0,0,1
2018,42,3257,189.3333333,81,Defender,26,22.5959631,3,1,0,96,0,0,1
2020,13,3420,189.3333333,81,Defender,28,22.5959631,3,1,0,42,0,0,1
2016,22,2071,191.6666667,74,Defender,27,20.1436673,3,1,0,0,0,0,1
2018,214,2694,191.6666667,74,Defender,29,20.1436673,3,1,0,22,0,0,1
2019,259,1664,191.6666667,74,Defender,30,20.1436673,3,1,1,214,0,0,1
2020,20,587,191.6666667,74,Defender,31,20.1436673,3,1,1,259,0,0,1
2020,37,504,168,65,Midfielder,21,23.03004535,3.5,3,0,0,0,1,0
2018,84,0,180,73,Defender,23,22.5308642,3.5,1,0,0,0,0,1
2018,26,2874,178.6666667,74.66666667,Forward,31,23.39051014,4,2,0,0,1,0,0
2019,14,3199,178.6666667,74.66666667,Forward,32,23.39051014,4,2,0,26,1,0,0
2020,27,2981,178.6666667,74.66666667,Forward,33,23.39051014,4,2,0,14,1,0,0
2016,248,451,195,87.5,Midfielder,26,23.01117686,3,3,0,0,0,1,0
2018,53,2130,199,97.66666667,Defender,26,24.66267687,3,1,0,0,0,0,1
2019,20,1580,199,97.66666667,Defender,27,24.66267687,3,1,0,53,0,0,1
2020,47,2805,199,97.66666667,Defender,28,24.66267687,3,1,0,20,0,0,1
2016,35,3047,189,86.33333333,Defender,29,24.1687896,4,1,0,0,0,0,1
2018,120,2014,189,86.33333333,Defender,31,24.1687896,4,1,0,35,0,0,1
2019,24,1735,189,86.33333333,Defender,32,24.1687896,4,1,1,120,0,0,1
2019,25,551,184,73,Defender,20,21.56190926,3,1,0,0,0,0,1
2020,104,508,184,73,Defender,21,21.56190926,3,1,0,25,0,0,1
2017,12,0,190.6666667,80,Defender,23,22.00596606,3.5,1,0,0,0,0,1
2020,46,0,193,70,Defender,18,18.7924508,3,1,0,0,0,0,1
2016,38,1978,184,73.33333333,Defender,21,21.66036547,3.5,1,0,0,0,0,1
2018,110,0,188.6666667,79.16666667,Goalkeeper,28,22.24088202,3,0,0,0,0,0,0
2020,28,0,188.6666667,79.16666667,Goalkeeper,30,22.24088202,3,0,0,110,0,0,0
2019,217,8,184,80,Goalkeeper,27,23.6294896,3,0,0,0,0,0,0
2018,44,2630,179,70,Midfielder,24,21.84700852,3.5,3,0,0,0,1,0
2019,47,2883,179,70,Midfielder,25,21.84700852,3.5,3,0,44,0,1,0
2016,258,420,171.2,68.4,Midfielder,27,23.33719102,4,3,0,0,0,1,0
2017,29,2430,184,81.5,Midfielder,25,24.07254253,3.5,3,0,0,0,1,0
2016,37,1211,178,72,Midfielder,24,22.72440348,3.5,3,0,0,0,1,0
2017,56,1838,178,72,Midfielder,25,22.72440348,3.5,3,0,37,0,1,0
2018,124,1779,178,72,Midfielder,26,22.72440348,3.5,3,0,56,0,1,0
2019,89,1089,178,72,Midfielder,27,22.72440348,3.5,3,1,124,0,1,0
2020,84,1510,178,72,Midfielder,28,22.72440348,3.5,3,0,89,0,1,0
2016,44,78,178,74,Forward,29,23.35563691,3.5,2,0,0,1,0,0
2017,66,1158,170.6666667,66.66666667,Forward,35,22.88818359,2.5,2,0,0,1,0,0
2016,33,1463,174.5,61.83333333,Midfielder,24,20.30634669,4,3,0,0,0,1,0
2018,95,1734,174.5,61.83333333,Midfielder,26,20.30634669,4,3,0,33,0,1,0
2019,19,997,174.5,61.83333333,Midfielder,27,20.30634669,4,3,0,95,0,1,0
2020,45,1486,174.5,61.83333333,Midfielder,28,20.30634669,4,3,0,19,0,1,0
2019,278,1563,173.3333333,78.16666667,Defender,25,26.01701183,3,1,0,0,0,0,1
2020,24,285,182.5,75,Defender,23,22.51829612,3.5,1,0,0,0,0,1
2020,17,2913,190.6666667,87.83333333,Defender,24,24.16071691,3.5,1,0,0,0,0,1
2017,10,3307,168,62,Midfielder,27,21.96712018,4,3,0,0,0,1,0
2018,29,2781,178,74.16666667,Defender,28,23.4082397,3.5,1,0,0,0,0,1
2018,47,2452,171.3333333,73.33333333,Defender,25,24.98145316,3.5,1,0,0,0,0,1
2020,6,728,171.3333333,73.33333333,Defender,27,24.98145316,3.5,1,0,47,0,0,1
2016,35,2596,194.6666667,90,Defender,25,23.74976543,3,1,0,0,0,0,1
2017,116,2114,194.6666667,90,Defender,26,23.74976543,3,1,0,35,0,0,1
2018,28,1636,194.6666667,90,Defender,27,23.74976543,3,1,0,116,0,0,1
2019,80,742,194.6666667,90,Defender,28,23.74976543,3,1,0,28,0,0,1
2020,264,726,194.6666667,90,Defender,29,23.74976543,3,1,0,80,0,0,1
2018,23,586,187.8333333,83,Defender,29,23.52516949,3.5,1,0,0,0,0,1
2019,54,2513,187.8333333,83,Defender,30,23.52516949,3.5,1,0,23,0,0,1
2020,46,2385,187.8333333,83,Defender,31,23.52516949,3.5,1,0,54,0,0,1
2018,76,2105,178,70,Midfielder,25,22.09317005,3.5,3,0,0,0,1,0
2019,15,3404,188,73.5,Defender,27,20.79560887,3,1,0,0,0,0,1
2020,7,2858,188,73.5,Defender,28,20.79560887,3,1,0,15,0,0,1
2019,49,2657,169,72,Midfielder,28,25.20920136,3,3,0,0,0,1,0
2020,55,2717,169,72,Midfielder,29,25.20920136,3,3,0,49,0,1,0
2019,11,2602,181,74,Midfielder,25,22.58783309,3.5,3,0,0,0,1,0
2019,167,2430,176.5,68,Midfielder,25,21.82827886,4,3,0,0,0,1,0
2017,74,1365,188,72.5,Defender,23,20.51267542,3.5,1,0,0,0,0,1
2018,64,1871,188,72.5,Defender,24,20.51267542,3.5,1,0,74,0,0,1
2019,67,1194,188,72.5,Defender,25,20.51267542,3.5,1,0,64,0,0,1
2020,20,2090,188,72.5,Defender,26,20.51267542,3.5,1,0,67,0,0,1
2016,45,534,187,90,Defender,36,25.73708141,3.5,1,0,0,0,0,1
2016,12,621,193,84,Defender,33,22.55094096,3.5,1,0,0,0,0,1
2016,12,621,185,77,Defender,26,22.49817385,3.5,1,0,12,0,0,1
2016,122,11,187,76,Forward,21,21.73353542,3,2,0,0,1,0,0
2017,46,2530,176.3333333,73.16666667,Midfielder,29,23.53121951,3.5,3,0,0,0,1,0
2018,57,2509,176.3333333,73.16666667,Midfielder,30,23.53121951,3.5,3,0,46,0,1,0
2016,59,1401,183,79,Forward,33,23.58983547,4,2,0,0,1,0,0
2017,190,51,183,79,Forward,34,23.58983547,4,2,0,59,1,0,0
2018,181,0,183,79,Forward,35,23.58983547,4,2,1,190,1,0,0
2018,5,740,190,78,Defender,22,21.6066482,3,1,0,0,0,0,1
2018,42,835,176,69.33333333,Defender,21,22.38292011,3.5,1,0,0,0,0,1
2020,63,87,176,69.33333333,Defender,23,22.38292011,3.5,1,0,42,0,0,1
2018,129,1014,184.1666667,81,Midfielder,26,23.88157491,2.5,3,0,0,0,1,0
2019,69,2223,184.1666667,81,Midfielder,27,23.88157491,2.5,3,1,129,0,1,0
2020,51,2762,184.1666667,81,Midfielder,28,23.88157491,2.5,3,0,69,0,1,0
2016,54,2783,188.3333333,77,Defender,28,21.70882606,3.5,1,0,0,0,0,1
2017,31,2392,188.3333333,77,Defender,29,21.70882606,3.5,1,0,54,0,0,1
2018,27,2105,188.3333333,77,Defender,30,21.70882606,3.5,1,0,31,0,0,1
2019,17,3566,188.3333333,77,Defender,31,21.70882606,3.5,1,0,27,0,0,1
2020,37,2601,188.3333333,77,Defender,32,21.70882606,3.5,1,0,17,0,0,1
2018,10,1230,182,81,Forward,27,24.45356841,3,2,0,0,1,0,0
2020,10,2207,182,81,Forward,29,24.45356841,3,2,0,10,1,0,0
2016,129,2228,182,73.5,Midfielder,26,22.18934911,4,3,0,0,0,1,0
2017,45,2288,182,73.5,Midfielder,27,22.18934911,4,3,1,129,0,1,0
2018,40,2120,182,73.5,Midfielder,28,22.18934911,4,3,0,45,0,1,0
2019,72,2344,182,73.5,Midfielder,29,22.18934911,4,3,0,40,0,1,0
2020,94,1792,182,73.5,Midfielder,30,22.18934911,4,3,0,72,0,1,0
2016,63,2755,185,77,Goalkeeper,22,22.49817385,3,0,0,0,0,0,0
2020,21,2893,185,77,Goalkeeper,26,22.49817385,3,0,0,63,0,0,0
2017,64,0,186,81,Midfielder,26,23.41311134,3,3,0,0,0,1,0
2016,12,1061,169,67.66666667,Midfielder,25,23.69198091,3.5,3,0,0,0,1,0
2020,27,2964,178.3333333,69,Midfielder,25,21.69621801,3,3,0,0,0,1,0
2018,43,1893,173,67,Midfielder,23,22.38631428,3.5,3,0,0,0,1,0
2020,90,408,184.1666667,75.16666667,Midfielder,23,22.1617084,3,3,0,0,0,1,0
2016,9,2837,182,76.66666667,Forward,24,23.14535282,3,2,0,0,1,0,0
2017,7,2581,182,76.66666667,Forward,25,23.14535282,3,2,0,9,1,0,0
2018,35,3095,182,76.66666667,Forward,26,23.14535282,3,2,0,7,1,0,0
2019,102,2098,182,76.66666667,Forward,27,23.14535282,3,2,0,35,1,0,0
2019,152,772,182.3333333,79.16666667,Forward,27,23.81278638,3,2,0,0,1,0,0
2018,79,986,187,69,Defender,20,19.73176242,3.5,1,0,0,0,0,1
2019,227,78,187,69,Defender,21,19.73176242,3.5,1,0,79,0,0,1
2017,46,24,185,72,Forward,20,21.03725347,2.5,2,0,0,1,0,0
2018,48,1489,180.3333333,74.83333333,Midfielder,21,23.01140149,3,3,0,0,0,1,0
2016,118,1521,183,76,Midfielder,27,22.69401893,3.5,3,0,0,0,1,0
2017,180,1379,183,76,Midfielder,28,22.69401893,3.5,3,0,118,0,1,0
2018,306,1108,183,76,Midfielder,29,22.69401893,3.5,3,1,180,0,1,0
2019,26,757,183,76,Midfielder,30,22.69401893,3.5,3,1,306,0,1,0
2018,12,426,175,68,Midfielder,25,22.20408163,3.5,3,0,0,0,1,0
2020,19,1604,187.4,80,Midfielder,21,22.77984758,3,3,0,0,0,1,0
2020,60,2558,177.6666667,72,Midfielder,25,22.80975328,3.5,3,0,0,0,1,0
2016,32,962,180,78,Midfielder,28,24.07407407,2.5,3,0,0,0,1,0
2020,74,154,180,78,Midfielder,32,24.07407407,2.5,3,0,32,0,1,0
2017,21,950,187.5,80.16666667,Goalkeeper,27,22.80296296,3,0,0,0,0,0,0
2018,109,0,187.5,80.16666667,Goalkeeper,28,22.80296296,3,0,0,21,0,0,0
2019,14,0,187.5,80.16666667,Goalkeeper,29,22.80296296,3,0,0,109,0,0,0
2020,60,2375,187.5,80.16666667,Goalkeeper,30,22.80296296,3,0,0,14,0,0,0
2017,82,184,176.6666667,68,Midfielder,21,21.78711285,3.5,3,0,0,0,1,0
2016,44,2812,187.6666667,84.66666667,Goalkeeper,30,24.04020582,3,0,0,0,0,0,0
2017,29,3126,187.6666667,84.66666667,Goalkeeper,31,24.04020582,3,0,0,44,0,0,0
2020,21,1052,184.4,72,Defender,24,21.17437806,3.5,1,0,0,0,0,1
2019,115,608,186.5,71.5,Forward,21,20.55646199,3,2,0,0,1,0,0
2020,37,338,186.5,71.5,Forward,22,20.55646199,3,2,0,115,1,0,0
2017,4,893,183.3333333,79.66666667,Forward,21,23.70247934,3.5,2,0,0,1,0,0
2019,4,1011,183.3333333,79.66666667,Forward,23,23.70247934,3.5,2,0,4,1,0,0
2018,90,816,192,96,Forward,24,26.04166667,2.5,2,0,0,1,0,0
2019,6,3141,182.3333333,70,Midfielder,27,21.05551638,4,3,0,0,0,1,0
2020,98,1562,180,73.33333333,Defender,25,22.63374486,3.5,1,0,0,0,0,1
2019,27,0,178.8,69,Midfielder,26,21.58311187,3,3,0,0,0,1,0
2018,3,3420,187.1666667,84.5,Goalkeeper,24,24.12124374,3,0,0,0,0,0,0
2020,57,620,187.1666667,84.5,Goalkeeper,26,24.12124374,3,0,0,3,0,0,0
2016,31,3009,181,71.66666667,Midfielder,25,21.87560412,4,3,0,0,0,1,0
2018,161,1081,181,71.66666667,Midfielder,27,21.87560412,4,3,0,31,0,1,0
2019,24,2917,181,71.66666667,Midfielder,28,21.87560412,4,3,1,161,0,1,0
2020,71,2096,181,71.66666667,Midfielder,29,21.87560412,4,3,0,24,0,1,0
2016,133,285,188.1666667,82,Defender,26,23.15946215,2.5,1,0,0,0,0,1
2019,30,602,188.1666667,82,Defender,29,23.15946215,2.5,1,1,133,0,0,1
2020,12,676,188.1666667,82,Defender,30,23.15946215,2.5,1,0,30,0,0,1
2018,57,909,190.3333333,88.83333333,Midfielder,30,24.52145589,3,3,0,0,0,1,0
2016,10,376,187,85,Defender,24,24.30724356,3,1,0,0,0,0,1
2016,21,742,178.6666667,70,Defender,27,21.92860325,3.5,1,0,0,0,0,1
2020,14,905,178.6666667,70,Defender,31,21.92860325,3.5,1,0,21,0,0,1
2019,96,1037,178,72.33333333,Defender,22,22.82960906,4,1,0,0,0,0,1
2020,83,2467,178,72.33333333,Defender,23,22.82960906,4,1,0,96,0,0,1
2017,14,2020,176.6666667,71.33333333,Defender,27,22.85510858,4,1,0,0,0,0,1
2018,68,2398,176.6666667,71.33333333,Defender,28,22.85510858,4,1,0,14,0,0,1
2018,126,154,194,88,Defender,21,23.38186842,3.5,1,0,0,0,0,1
2019,81,0,194,88,Defender,22,23.38186842,3.5,1,1,126,0,0,1
2017,196,354,178,73.33333333,Defender,24,23.14522577,3.5,1,0,0,0,0,1
2020,82,13,177.5,72.5,Defender,24,23.01130728,3.5,1,0,0,0,0,1
2018,13,0,190,85,Defender,23,23.54570637,3,1,0,0,0,0,1
2019,21,1634,190,85,Defender,24,23.54570637,3,1,0,13,0,0,1
2020,162,665,190,85,Defender,25,23.54570637,3,1,0,21,0,0,1
2017,7,3047,190,92.16666667,Defender,23,25.53093259,3,1,0,0,0,0,1
2020,6,2099,190,92.16666667,Defender,26,25.53093259,3,1,0,7,0,0,1
2017,202,254,194,94,Defender,26,24.97608673,3.5,1,0,0,0,0,1
2020,25,2729,194,94,Defender,29,24.97608673,3.5,1,1,202,0,0,1
2018,91,0,178,70,Midfielder,19,22.09317005,3,3,0,0,0,1,0
2016,17,2844,181.3333333,72.16666667,Defender,26,21.94731293,4,1,0,0,0,0,1
2018,17,2937,181.3333333,72.16666667,Defender,28,21.94731293,4,1,0,17,0,0,1
2019,21,2511,181.3333333,72.16666667,Defender,29,21.94731293,4,1,0,17,0,0,1
2020,4,2056,181.3333333,72.16666667,Defender,30,21.94731293,4,1,0,21,0,0,1
2016,14,3054,186,75,Defender,31,21.6788068,3.5,1,0,0,0,0,1
2017,223,2342,186,75,Defender,32,21.6788068,3.5,1,0,14,0,0,1
2018,42,1410,186,75,Defender,33,21.6788068,3.5,1,1,223,0,0,1
2016,72,1037,175,65.5,Midfielder,22,21.3877551,3,3,0,0,0,1,0
2018,91,50,175,65.5,Midfielder,24,21.3877551,3,3,0,72,0,1,0
2018,29,1544,188.6666667,86.33333333,Midfielder,23,24.25426713,4,3,0,0,0,1,0
2019,0,2957,188.6666667,86.33333333,Midfielder,24,24.25426713,4,3,0,29,0,1,0
2020,26,2650,188.6666667,86.33333333,Midfielder,25,24.25426713,4,3,0,0,0,1,0
2019,47,2108,172,66.33333333,Forward,25,22.42202993,3.5,2,0,0,1,0,0
2020,25,2710,172,66.33333333,Forward,26,22.42202993,3.5,2,0,47,1,0,0
2016,261,645,178,76,Midfielder,28,23.98687034,3,3,0,0,0,1,0
2017,50,285,193,83,Goalkeeper,34,22.28247738,3,0,0,0,0,0,0
2019,137,0,193,83,Goalkeeper,36,22.28247738,3,0,0,50,0,0,0
2018,48,1632,177.1666667,73,Midfielder,32,23.2572752,3,3,0,0,0,1,0
2017,94,2010,170,70.8,Defender,33,24.4982699,3.5,1,0,0,0,0,1
2016,29,510,186.3333333,84.83333333,Forward,30,24.43348556,3,2,0,0,1,0,0
2018,67,631,190,88,Defender,30,24.3767313,3,1,0,0,0,0,1
2019,62,0,190,88,Defender,31,24.3767313,3,1,0,67,0,0,1
2016,18,1191,167,65,Midfielder,34,23.30668005,2.5,3,0,0,0,1,0
2017,92,309,167,65,Midfielder,35,23.30668005,2.5,3,0,18,0,1,0
2017,188,1474,188,82.66666667,Midfielder,27,23.38916553,3,3,0,0,0,1,0
2016,92,456,174.6666667,69.33333333,Midfielder,19,22.72594837,3,3,0,0,0,1,0
2018,282,771,174.6666667,69.33333333,Midfielder,21,22.72594837,3,3,0,92,0,1,0
2018,26,3345,192,88,Defender,27,23.87152778,3.5,1,0,0,0,0,1
2020,57,2352,186.6666667,74.5,Defender,29,21.3807398,3.5,1,0,0,0,0,1
2019,269,678,186.6,71.2,Defender,21,20.44827677,3,1,0,0,0,0,1
2016,42,950,189.3333333,85,Goalkeeper,23,23.71181313,3,0,0,0,0,0,0
2017,14,1805,189.3333333,85,Goalkeeper,24,23.71181313,3,0,0,42,0,0,0
2018,5,0,189.3333333,85,Goalkeeper,25,23.71181313,3,0,0,14,0,0,0
2019,235,0,201,99,Goalkeeper,29,24.50434395,3,0,0,0,0,0,0
2018,20,3155,178,74,Defender,25,23.35563691,3.5,1,0,0,0,0,1
2019,33,3185,178,74,Defender,26,23.35563691,3.5,1,0,20,0,0,1
2020,46,2850,178,74,Defender,27,23.35563691,3.5,1,0,33,0,0,1
2018,12,2530,167.5,63.5,Midfielder,22,22.63310314,3.5,3,0,0,0,1,0
2019,127,1608,167.5,63.5,Midfielder,23,22.63310314,3.5,3,0,12,0,1,0
2016,27,460,176.6666667,73.66666667,Midfielder,26,23.60270559,2.5,3,0,0,0,1,0
2017,2,3246,186,80,Midfielder,26,23.12406059,3.5,3,0,0,0,1,0
2019,8,2649,186,80,Midfielder,28,23.12406059,3.5,3,0,2,0,1,0
2020,23,2489,186,80,Midfielder,29,23.12406059,3.5,3,0,8,0,1,0
2018,3,3610,190,83,Goalkeeper,33,22.99168975,3,0,0,0,0,0,0
2019,112,2234,190,83,Goalkeeper,34,22.99168975,3,0,0,3,0,0,0
2020,23,3325,190,83,Goalkeeper,35,22.99168975,3,0,0,112,0,0,0
2016,176,719,183,75,Defender,21,22.39541342,3.5,1,0,0,0,0,1
2018,53,2732,183,75,Defender,23,22.39541342,3.5,1,1,176,0,0,1
2019,84,1829,183,75,Defender,24,22.39541342,3.5,1,0,53,0,0,1
2020,89,2800,183,75,Defender,25,22.39541342,3.5,1,0,84,0,0,1
2016,62,398,173,69,Midfielder,21,23.05456246,3,3,0,0,0,1,0
2018,4,451,184.1666667,80.33333333,Forward,22,23.68501873,3,2,0,0,1,0,0
2019,14,1327,184.1666667,80.33333333,Forward,23,23.68501873,3,2,0,4,1,0,0
2020,116,334,184.1666667,80.33333333,Forward,24,23.68501873,3,2,0,14,1,0,0
2016,30,1774,197,92,Goalkeeper,34,23.70584143,3,0,0,0,0,0,0
2017,208,0,197,92,Goalkeeper,35,23.70584143,3,0,0,30,0,0,0
2016,187,722,187,83,Defender,26,23.73530842,3.5,1,0,0,0,0,1
2017,50,1643,187,83,Defender,27,23.73530842,3.5,1,1,187,0,0,1
2018,191,2547,187,83,Defender,28,23.73530842,3.5,1,0,50,0,0,1
2019,131,1062,187,83,Defender,29,23.73530842,3.5,1,1,191,0,0,1
2020,246,295,187,83,Defender,30,23.73530842,3.5,1,1,131,0,0,1
2016,32,746,183.5,77.5,Forward,25,23.01598497,3,2,0,0,1,0,0
2018,9,520,183.5,77.5,Forward,27,23.01598497,3,2,0,32,1,0,0
2016,55,2827,168,61.33333333,Midfielder,23,21.73091459,3,3,0,0,0,1,0
2017,90,2138,168,61.33333333,Midfielder,24,21.73091459,3,3,0,55,0,1,0
2018,283,719,168,61.33333333,Midfielder,25,21.73091459,3,3,0,90,0,1,0
2019,55,1456,168,61.33333333,Midfielder,26,21.73091459,3,3,1,283,0,1,0
2020,9,625,168,61.33333333,Midfielder,27,21.73091459,3,3,0,55,0,1,0
2018,70,1711,174.8333333,71.66666667,Midfielder,29,23.44599832,4,3,0,0,0,1,0
2019,12,929,174.8333333,71.66666667,Midfielder,30,23.44599832,4,3,0,70,0,1,0
2016,208,1760,186.8333333,82,Defender,26,23.49119597,3,1,0,0,0,0,1
2017,6,670,186.8333333,82,Defender,27,23.49119597,3,1,1,208,0,0,1
2018,223,226,186.8333333,82,Defender,28,23.49119597,3,1,0,6,0,0,1
2019,283,134,186.8333333,82,Defender,29,23.49119597,3,1,1,223,0,0,1
2016,58,1391,180,72,Midfielder,29,22.22222222,3.5,3,0,0,0,1,0
2017,130,996,180,72,Midfielder,30,22.22222222,3.5,3,0,58,0,1,0
2018,151,665,194,82,Goalkeeper,26,21.78765012,3,0,0,0,0,0,0
2018,8,2462,185.8,70.4,Forward,21,20.39300566,3,2,0,0,1,0,0
2019,149,2758,185.8,70.4,Forward,22,20.39300566,3,2,0,8,1,0,0
2020,12,3058,185.8,70.4,Forward,23,20.39300566,3,2,1,149,1,0,0
2016,52,262,188,80,Midfielder,29,22.63467632,3.5,3,0,0,0,1,0
2017,24,1806,183.8333333,83.16666667,Midfielder,24,24.6093856,3,3,0,0,0,1,0
2018,127,1697,183.8333333,83.16666667,Midfielder,25,24.6093856,3,3,0,24,0,1,0
2020,54,1790,183.8333333,83.16666667,Midfielder,27,24.6093856,3,3,1,127,0,1,0
2019,79,700,187,78,Midfielder,30,22.30547056,3,3,0,0,0,1,0
2016,49,2493,179,76,Midfielder,29,23.71960925,4,3,0,0,0,1,0
2017,15,2525,179,76,Midfielder,30,23.71960925,4,3,0,49,0,1,0
2018,11,2425,179,76,Midfielder,31,23.71960925,4,3,0,15,0,1,0
2019,37,2786,179,76,Midfielder,32,23.71960925,4,3,0,11,0,1,0
2020,40,773,179,76,Midfielder,33,23.71960925,4,3,0,37,0,1,0
2017,13,2469,192,83,Forward,28,22.51519097,3,2,0,0,1,0,0
2018,77,2067,192,83,Forward,29,22.51519097,3,2,0,13,1,0,0
2016,88,63,191,83.6,Midfielder,20,22.91603849,3,3,0,0,0,1,0
2016,81,686,187,79.66666667,Midfielder,24,22.78208318,3.5,3,0,0,0,1,0
2018,7,0,179,73.16666667,Defender,31,22.83532557,3.5,1,0,0,0,0,1
2017,152,682,194,85,Midfielder,30,22.58475927,3,3,0,0,0,1,0
2018,44,816,194,85,Midfielder,31,22.58475927,3,3,1,152,0,1,0
2016,17,2917,185,76,Midfielder,25,22.20598977,3,3,0,0,0,1,0
2017,57,190,183,78,Defender,31,23.29122996,2.5,1,0,0,0,0,1
2018,24,1175,191,77,Defender,28,21.10687755,2.5,1,0,0,0,0,1
2019,66,1630,191,77,Defender,29,21.10687755,2.5,1,0,24,0,0,1
2020,52,6,191,77,Defender,30,21.10687755,2.5,1,0,66,0,0,1
2017,25,3309,178,81,Defender,29,25.56495392,3.5,1,0,0,0,0,1
2018,14,130,184,67.5,Forward,17,19.93738185,3.5,2,0,0,1,0,0
2019,15,1420,184,67.5,Forward,18,19.93738185,3.5,2,0,14,1,0,0
2020,63,1913,184,67.5,Forward,19,19.93738185,3.5,2,0,15,1,0,0
2017,54,1255,183,69,Defender,21,20.60378035,3,1,0,0,0,0,1
2018,17,432,183,69,Defender,22,20.60378035,3,1,0,54,0,0,1
2019,8,2174,183,69,Defender,23,20.60378035,3,1,0,17,0,0,1
2020,49,2408,183,69,Defender,24,20.60378035,3,1,0,8,0,0,1
2019,4,3001,176.2,63.8,Midfielder,20,20.54986014,3.5,3,0,0,0,1,0
2017,51,8,179.6666667,75.66666667,Defender,25,23.44064629,4,1,0,0,0,0,1
2019,29,882,178.3333333,71.66666667,Forward,27,22.53471919,3.5,2,0,0,1,0,0
2020,32,1459,178.3333333,71.66666667,Forward,28,22.53471919,3.5,2,0,29,1,0,0
2018,31,1809,177.8333333,77.83333333,Midfielder,24,24.61156849,4,3,0,0,0,1,0
2019,116,2188,177.8333333,77.83333333,Midfielder,25,24.61156849,4,3,0,31,0,1,0
2020,33,1898,177.8333333,77.83333333,Midfielder,26,24.61156849,4,3,0,116,0,1,0
2020,2,2506,182.6666667,78.5,Midfielder,30,23.52616016,3.5,3,0,0,0,1,0
2016,61,16,176.5,76,Defender,31,24.39631166,3.5,1,0,0,0,0,1
2017,181,0,176.5,76,Defender,32,24.39631166,3.5,1,0,61,0,0,1
2016,46,305,178,67,Midfielder,32,21.14631991,3.5,3,0,0,0,1,0
2018,21,3307,182.6666667,88.33333333,Defender,26,26.47317385,3.5,1,0,0,0,0,1
2019,18,2990,182.6666667,88.33333333,Defender,27,26.47317385,3.5,1,0,21,0,0,1
2020,39,1319,182.6666667,88.33333333,Defender,28,26.47317385,3.5,1,0,18,0,0,1
2018,99,464,182,70,Defender,29,21.13271344,3,1,0,0,0,0,1
2018,82,0,188,84,Defender,31,23.76641014,3.5,1,0,0,0,0,1
2017,18,2425,180.3333333,78,Defender,28,23.9851579,4,1,0,0,0,0,1
2018,27,1853,180.3333333,78,Defender,29,23.9851579,4,1,0,18,0,0,1
2019,208,1615,180.3333333,78,Defender,30,23.9851579,4,1,0,27,0,0,1
2020,24,3230,180.3333333,78,Defender,31,23.9851579,4,1,1,208,0,0,1
2016,161,190,185,77,Defender,22,22.49817385,3,1,0,0,0,0,1
2016,118,2264,183,75,Midfielder,25,22.39541342,3,3,0,0,0,1,0
2017,36,2197,183,75,Midfielder,26,22.39541342,3,3,0,118,0,1,0
2020,21,1937,183,75,Midfielder,29,22.39541342,3,3,0,36,0,1,0
2017,75,2932,172.5,73.33333333,Midfielder,28,24.64468249,3.5,3,0,0,0,1,0
2018,17,3050,172.5,73.33333333,Midfielder,29,24.64468249,3.5,3,0,75,0,1,0
2019,155,1383,172.5,73.33333333,Midfielder,30,24.64468249,3.5,3,0,17,0,1,0
2020,59,1422,172.5,73.33333333,Midfielder,31,24.64468249,3.5,3,1,155,0,1,0
2016,200,394,183,70,Defender,21,20.90238586,3,1,0,0,0,0,1
2017,27,172,183,70,Defender,22,20.90238586,3,1,1,200,0,0,1
2018,13,1257,183,70,Defender,23,20.90238586,3,1,0,27,0,0,1
2019,61,2458,183,70,Defender,24,20.90238586,3,1,0,13,0,0,1
2020,1,3590,183,70,Defender,25,20.90238586,3,1,0,61,0,0,1
2017,412,1040,180,81.66666667,Midfielder,26,25.20576132,3,3,0,0,0,1,0
2019,16,3420,177.3333333,70.33333333,Defender,19,22.36559444,3.5,1,0,0,0,0,1
2018,14,2372,185,77.33333333,Defender,29,22.59556854,3.5,1,0,0,0,0,1
2020,11,576,175,74,Defender,23,24.16326531,3,1,0,0,0,0,1
2018,26,1508,173,68,Midfielder,23,22.72043837,3.5,3,0,0,0,1,0
2019,11,709,173,68,Midfielder,24,22.72043837,3.5,3,0,26,0,1,0
2017,37,2171,189,78.16666667,Defender,29,21.88255275,3.5,1,0,0,0,0,1
2018,45,1595,189,78.16666667,Defender,30,21.88255275,3.5,1,0,37,0,0,1
2020,6,1244,191,86,Forward,29,23.57391519,2.5,2,0,0,1,0,0
2020,404,0,185,73.33333333,Midfielder,21,21.42683224,3,3,0,0,0,1,0
2017,122,114,188,74,Midfielder,36,20.9370756,2.5,3,0,0,0,1,0
2016,148,1829,188,76,Defender,33,21.50294251,3.5,1,0,0,0,0,1
2017,215,39,192,91,Defender,27,24.68532986,3.5,1,0,0,0,0,1
2017,8,2700,190,82,Defender,24,22.71468144,3.5,1,0,0,0,0,1
2018,28,3136,190,82,Defender,25,22.71468144,3.5,1,0,8,0,0,1
2019,3,2711,190,82,Defender,26,22.71468144,3.5,1,0,28,0,0,1
2018,176,155,169,71,Forward,18,24.85907356,3,2,0,0,1,0,0
2019,27,717,169,71,Forward,19,24.85907356,3,2,1,176,1,0,0
2020,304,77,169,71,Forward,20,24.85907356,3,2,0,27,1,0,0
2019,11,0,195,88.33333333,Goalkeeper,23,23.23033092,3,0,0,0,0,0,0
2016,152,2558,178.8,81,Forward,26,25.33669655,4,2,0,0,1,0,0
2017,212,1423,178.8,81,Forward,27,25.33669655,4,2,1,152,1,0,0
2018,5,2229,178.8,81,Forward,28,25.33669655,4,2,1,212,1,0,0
2019,112,1860,178.8,81,Forward,29,25.33669655,4,2,0,5,1,0,0
2020,97,2053,178.8,81,Forward,30,25.33669655,4,2,0,112,1,0,0
2017,14,95,183.5,85.25,Goalkeeper,34,25.31758347,3,0,0,0,0,0,0
2018,30,190,183.5,85.25,Goalkeeper,35,25.31758347,3,0,0,14,0,0,0
2017,56,403,185,83.16666667,Forward,24,24.29997565,2.5,2,0,0,1,0,0
2016,7,734,180.5,72.33333333,Midfielder,24,22.20158941,3.5,3,0,0,0,1,0
2017,20,910,180.5,72.33333333,Midfielder,25,22.20158941,3.5,3,0,7,0,1,0
2018,25,399,180.5,72.33333333,Midfielder,26,22.20158941,3.5,3,0,20,0,1,0
2020,12,1637,180.5,72.33333333,Midfielder,28,22.20158941,3.5,3,0,25,0,1,0
2018,29,845,178,70,Midfielder,24,22.09317005,3.5,3,0,0,0,1,0
2017,18,3016,175,70.83333333,Forward,25,23.1292517,3.5,2,0,0,1,0,0
2018,11,3405,175,70.83333333,Forward,26,23.1292517,3.5,2,0,18,1,0,0
2019,27,3000,175,70.83333333,Forward,27,23.1292517,3.5,2,0,11,1,0,0
2020,108,897,189,83.33333333,Defender,21,23.32894749,3.5,1,0,0,0,0,1
2019,8,946,182,77.25,Forward,19,23.32145876,3.5,2,0,0,1,0,0
2020,35,23,182,77.25,Forward,20,23.32145876,3.5,2,0,8,1,0,0
2020,34,321,180,72.66666667,Midfielder,26,22.42798354,3,3,0,0,0,1,0
2016,4,1145,183.6666667,75,Midfielder,27,22.23312835,3,3,0,0,0,1,0
2017,8,2260,183.6666667,75,Midfielder,28,22.23312835,3,3,0,4,0,1,0
2018,58,886,183.6666667,75,Midfielder,29,22.23312835,3,3,0,8,0,1,0
2019,213,1068,183.6666667,75,Midfielder,30,22.23312835,3,3,0,58,0,1,0
2019,19,715,176.6666667,68.66666667,Midfielder,27,22.000712,3,3,0,0,0,1,0
2019,99,1053,177,65,Midfielder,21,20.74755019,3,3,0,0,0,1,0
2020,49,1314,177,65,Midfielder,22,20.74755019,3,3,0,99,0,1,0
2018,68,2441,187,88.33333333,Midfielder,29,25.2604688,4,3,0,0,0,1,0
2019,78,2575,187,88.33333333,Midfielder,30,25.2604688,4,3,0,68,0,1,0
2016,227,0,179,79.33333333,Midfielder,24,24.75994299,3.5,3,0,0,0,1,0
2019,79,799,187,76.33333333,Midfielder,25,21.82885794,3,3,0,0,0,1,0
2017,164,226,187.6666667,83.5,Midfielder,28,23.70894315,3,3,0,0,0,1,0
2017,220,91,171.3333333,71.83333333,Forward,27,24.47046889,3.5,2,0,0,1,0,0
2016,266,276,167.6666667,69.66666667,Midfielder,24,24.78172713,3,3,0,0,0,1,0
2018,38,2217,167.6666667,69.66666667,Midfielder,26,24.78172713,3,3,1,266,0,1,0
2019,44,311,167.6666667,69.66666667,Midfielder,27,24.78172713,3,3,0,38,0,1,0
2020,6,1542,167.6666667,69.66666667,Midfielder,28,24.78172713,3,3,0,44,0,1,0
2016,291,241,167,62,Midfielder,29,22.23098713,4,3,0,0,0,1,0
2016,24,204,185,76.8,Midfielder,22,22.43973703,3,3,0,0,0,1,0
2017,340,469,185,76.8,Midfielder,23,22.43973703,3,3,0,24,0,1,0
2018,36,301,185,76.8,Midfielder,24,22.43973703,3,3,1,340,0,1,0
2019,19,1001,185,76.8,Midfielder,25,22.43973703,3,3,0,36,0,1,0
2017,257,184,175,67,Defender,26,21.87755102,3.5,1,0,0,0,0,1
2018,30,1323,175,67,Defender,27,21.87755102,3.5,1,1,257,0,0,1
2020,1,1202,175,67,Defender,29,21.87755102,3.5,1,0,30,0,0,1
2019,11,0,188.6666667,74.66666667,Defender,22,20.97666346,3,1,0,0,0,0,1
2019,132,2892,173,71,Midfielder,25,23.72281065,3.5,3,0,0,0,1,0
2020,80,1860,173,71,Midfielder,26,23.72281065,3.5,3,1,132,0,1,0
2019,32,7,171,70,Midfielder,20,23.93898977,3,3,0,0,0,1,0
2020,31,797,171,70,Midfielder,21,23.93898977,3,3,0,32,0,1,0
2019,5,2911,171,69,Forward,23,23.59700421,3.5,2,0,0,1,0,0
2020,7,2629,171,69,Forward,24,23.59700421,3.5,2,0,5,1,0,0
2019,7,240,178,69,Defender,18,21.77755334,3.5,1,0,0,0,0,1
2020,2,260,178,69,Defender,19,21.77755334,3.5,1,0,7,0,0,1
2018,66,138,170,65,Midfielder,26,22.49134948,3.5,3,0,0,0,1,0
2020,21,136,170,65,Midfielder,28,22.49134948,3.5,3,0,66,0,1,0
2016,35,967,175.3333333,75,Defender,27,24.39676734,3.5,1,0,0,0,0,1
2019,24,1106,175.3333333,75,Defender,30,24.39676734,3.5,1,0,35,0,0,1
2018,100,2561,194,84.33333333,Midfielder,30,22.40762391,3.5,3,0,0,0,1,0
2019,52,1663,194,84.33333333,Midfielder,31,22.40762391,3.5,3,0,100,0,1,0
2020,56,3040,196,76,Goalkeeper,28,19.78342357,3,0,0,0,0,0,0
2016,31,2176,179.5,82.16666667,Midfielder,29,25.50156087,3.5,3,0,0,0,1,0
2017,24,205,179.5,82.16666667,Midfielder,30,25.50156087,3.5,3,0,31,0,1,0
2019,55,139,181.4,74.4,Forward,30,22.60988587,3,2,0,0,1,0,0
2020,22,2790,178.8333333,73.5,Defender,24,22.9821363,3.5,1,0,0,0,0,1
2018,108,1213,175,63,Defender,22,20.57142857,3,1,0,0,0,0,1
2019,105,1393,175,63,Defender,23,20.57142857,3,1,0,108,0,0,1
2020,43,1569,175,63,Defender,24,20.57142857,3,1,0,105,0,0,1
2017,12,421,185.6666667,77.33333333,Midfielder,20,22.43359366,3,3,0,0,0,1,0
2020,9,1325,185.6666667,77.33333333,Midfielder,23,22.43359366,3,3,0,12,0,1,0
2016,11,102,190.4,76.4,Forward,20,21.07460631,3.5,2,0,0,1,0,0
2020,160,1419,190.4,76.4,Forward,24,21.07460631,3.5,2,0,11,1,0,0
2019,25,97,176,70,Midfielder,19,22.5981405,3.5,3,0,0,0,1,0
2016,38,1304,192.3333333,89.16666667,Forward,30,24.10423844,3,2,0,0,1,0,0
2017,49,1109,192.3333333,89.16666667,Forward,31,24.10423844,3,2,0,38,1,0,0
2018,20,942,192.3333333,89.16666667,Forward,32,24.10423844,3,2,0,49,1,0,0
2019,70,1029,192.3333333,89.16666667,Forward,33,24.10423844,3,2,0,20,1,0,0
2016,42,646,178.3333333,73.33333333,Defender,25,23.05878243,3.5,1,0,0,0,0,1
2020,205,27,178.25,68.25,Defender,22,21.48046006,3.5,1,0,0,0,0,1
2016,79,16,183.75,74.75,Midfielder,19,22.1389236,3.5,3,0,0,0,1,0
2020,27,838,186,80.33333333,Defender,20,23.22041084,3,1,0,0,0,0,1
2020,4,33,183,78.25,Forward,22,23.36588133,3.5,2,0,0,1,0,0
2016,38,2638,175.6666667,67,Defender,26,21.71181259,3.5,1,0,0,0,0,1
2017,28,2305,175.6666667,67,Defender,27,21.71181259,3.5,1,0,38,0,0,1
2019,50,2636,175.6666667,67,Defender,29,21.71181259,3.5,1,0,28,0,0,1
2020,92,1880,175.6666667,67,Defender,30,21.71181259,3.5,1,0,50,0,0,1
2017,116,1693,183,79.5,Defender,26,23.73913822,3.5,1,0,0,0,0,1
2018,96,2112,183,79.5,Defender,27,23.73913822,3.5,1,0,116,0,0,1
2019,300,1297,183,79.5,Defender,28,23.73913822,3.5,1,0,96,0,0,1
2020,61,1321,183,79.5,Defender,29,23.73913822,3.5,1,1,300,0,0,1
2016,18,2749,190.5,83.33333333,Midfielder,23,22.96300889,3.5,3,0,0,0,1,0
2017,63,2277,190.5,83.33333333,Midfielder,24,22.96300889,3.5,3,0,18,0,1,0
2018,29,3160,190.5,83.33333333,Midfielder,25,22.96300889,3.5,3,0,63,0,1,0
2019,288,1270,190.5,83.33333333,Midfielder,26,22.96300889,3.5,3,0,29,0,1,0
2020,59,2006,190.5,83.33333333,Midfielder,27,22.96300889,3.5,3,1,288,0,1,0
2020,19,112,169.75,65,Forward,26,22.55764672,3.5,2,0,0,1,0,0
2016,380,42,198,90,Defender,32,22.95684114,2.5,1,0,0,0,0,1
2016,30,3268,196,90,Goalkeeper,34,23.42773844,3,0,0,0,0,0,0
2018,28,663,196,90,Goalkeeper,36,23.42773844,3,0,0,30,0,0,0
2016,38,1230,180,76.5,Defender,31,23.61111111,3,1,0,0,0,0,1
2018,77,1757,180,76.5,Defender,33,23.61111111,3,1,0,38,0,0,1
2019,20,1995,180,76.5,Defender,34,23.61111111,3,1,0,77,0,0,1
2020,34,293,180,76.5,Defender,35,23.61111111,3,1,0,20,0,0,1
2017,50,66,170.5,64,Midfielder,17,22.01563454,3,3,0,0,0,1,0
2017,91,774,197,80.6,Midfielder,21,20.76837847,3,3,0,0,0,1,0
2018,89,2299,197,80.6,Midfielder,22,20.76837847,3,3,0,91,0,1,0
2019,25,2653,197,80.6,Midfielder,23,20.76837847,3,3,0,89,0,1,0
2016,29,190,194,88,Defender,27,23.38186842,3,1,0,0,0,0,1
2016,7,2374,181,85.66666667,Midfielder,34,26.14897795,3.5,3,0,0,0,1,0
2017,23,2180,181,85.66666667,Midfielder,35,26.14897795,3.5,3,0,7,0,1,0
2018,157,413,181,85.66666667,Midfielder,36,26.14897795,3.5,3,0,23,0,1,0
2019,1,270,181,85.66666667,Midfielder,37,26.14897795,3.5,3,1,157,0,1,0
2016,104,1670,185,71,Defender,24,20.74506939,3.5,1,0,0,0,0,1
2017,71,2080,185,71,Defender,25,20.74506939,3.5,1,0,104,0,0,1
2018,31,1336,185,71,Defender,26,20.74506939,3.5,1,0,71,0,0,1
2019,477,140,185,71,Defender,27,20.74506939,3.5,1,0,31,0,0,1
2018,15,800,182,67.5,Midfielder,26,20.37797367,2.5,3,0,0,0,1,0
2016,39,1504,187,83.83333333,Defender,31,23.97361473,3,1,0,0,0,0,1
2016,11,2618,170,69,Forward,22,23.87543253,3.5,2,0,0,1,0,0
2017,35,2713,170,69,Forward,23,23.87543253,3.5,2,0,11,1,0,0
2018,12,2904,170,69,Forward,24,23.87543253,3.5,2,0,35,1,0,0
2019,22,2769,170,69,Forward,25,23.87543253,3.5,2,0,12,1,0,0
2020,10,2677,170,69,Forward,26,23.87543253,3.5,2,0,22,1,0,0
2018,53,422,181,72,Midfielder,27,21.97735112,3,3,0,0,0,1,0
2018,63,95,183,74.66666667,Midfielder,21,22.29587825,4,3,0,0,0,1,0
2016,110,1651,186,79,Defender,25,22.83500983,3,1,0,0,0,0,1
2017,202,134,186,79,Defender,26,22.83500983,3,1,0,110,0,0,1
2019,140,1608,168.8333333,71,Defender,26,24.90817789,3,1,0,0,0,0,1
2019,140,1608,168.8333333,71,Defender,26,24.90817789,3,1,1,140,0,0,1
2019,140,1608,181,82,Defender,20,25.029761,3,1,1,140,0,0,1
2019,140,1608,181,82,Defender,20,25.029761,3,1,1,140,0,0,1
2020,39,2527,168.8333333,71,Defender,27,24.90817789,3,1,1,140,0,0,1
2020,39,2527,168.8333333,71,Defender,27,24.90817789,3,1,0,39,0,0,1
2020,39,2527,181,82,Defender,21,25.029761,3,1,0,39,0,0,1
2020,39,2527,181,82,Defender,21,25.029761,3,1,0,39,0,0,1
2016,66,0,191,76.6,Defender,18,20.99723144,3,1,0,0,0,0,1
2017,80,9,191,76.6,Defender,19,20.99723144,3,1,0,66,0,0,1
2019,95,679,176.25,71.5,Forward,20,23.01695086,3.5,2,0,0,1,0,0
2020,64,80,176.25,71.5,Forward,21,23.01695086,3.5,2,0,95,1,0,0
2019,45,0,178.6666667,75,Forward,19,23.49493206,3.5,2,0,0,1,0,0
2020,6,1208,178.6666667,75,Forward,20,23.49493206,3.5,2,0,45,1,0,0
2020,9,700,186.5,74,Defender,32,21.2752194,3,1,0,0,0,0,1
2020,9,700,186.5,74,Defender,32,21.2752194,3,1,0,9,0,0,1
2017,329,1344,177,73,Midfielder,25,23.30109483,3.5,3,0,0,0,1,0
2018,48,779,177,73,Midfielder,26,23.30109483,3.5,3,1,329,0,1,0
2019,64,500,177,73,Midfielder,27,23.30109483,3.5,3,0,48,0,1,0
2020,51,1101,177,73,Midfielder,28,23.30109483,3.5,3,0,64,0,1,0
2016,168,1096,182.3333333,77.16666667,Midfielder,25,23.2112002,4,3,0,0,0,1,0
2017,57,1722,182.3333333,77.16666667,Midfielder,26,23.2112002,4,3,1,168,0,1,0
2018,34,2942,182.3333333,77.16666667,Midfielder,27,23.2112002,4,3,0,57,0,1,0
2019,32,1730,182.3333333,77.16666667,Midfielder,28,23.2112002,4,3,0,34,0,1,0
2016,27,2680,182,80.33333333,Midfielder,29,24.25230447,3.5,3,0,0,0,1,0
2018,10,2339,182,80.33333333,Midfielder,31,24.25230447,3.5,3,0,27,0,1,0
2019,55,1582,182,80.33333333,Midfielder,32,24.25230447,3.5,3,0,10,0,1,0
2020,1,564,182,80.33333333,Midfielder,33,24.25230447,3.5,3,0,55,0,1,0
2018,269,852,187.6,76.2,Defender,23,21.6515655,3,1,0,0,0,0,1
2019,51,616,187.6,76.2,Defender,24,21.6515655,3,1,1,269,0,0,1
2020,14,2703,187.6,76.2,Defender,25,21.6515655,3,1,0,51,0,0,1
2020,94,1203,191.25,84,Defender,24,22.96552608,3,1,0,0,0,0,1
2017,24,3024,190.1666667,94,Forward,24,25.99315913,3,2,0,0,1,0,0
2018,58,2270,190.1666667,94,Forward,25,25.99315913,3,2,0,24,1,0,0
2017,190,131,187.8333333,79.66666667,Midfielder,24,22.58038357,3,3,0,0,0,1,0
2018,8,1326,187.8333333,79.66666667,Midfielder,25,22.58038357,3,3,1,190,0,1,0
2019,57,1164,187.8333333,79.66666667,Midfielder,26,22.58038357,3,3,0,8,0,1,0
2020,59,1653,187.8333333,79.66666667,Midfielder,27,22.58038357,3,3,0,57,0,1,0
2018,37,1290,185,83.4,Midfielder,32,24.36815194,2.5,3,0,0,0,1,0
2019,43,991,188,78,Defender,29,22.06880942,2.5,1,0,0,0,0,1
2016,46,2643,179,84.16666667,Defender,27,26.26842691,3.5,1,0,0,0,0,1
2017,17,3300,179,84.16666667,Defender,28,26.26842691,3.5,1,0,46,0,0,1
2018,82,2280,179,84.16666667,Defender,29,26.26842691,3.5,1,0,17,0,0,1
2019,26,2977,179,84.16666667,Defender,30,26.26842691,3.5,1,0,82,0,0,1
2020,20,2739,179,84.16666667,Defender,31,26.26842691,3.5,1,0,26,0,0,1
2018,28,3317,163,64,Midfielder,24,24.08822312,3.5,3,0,0,0,1,0
2019,20,2193,163,64,Midfielder,25,24.08822312,3.5,3,0,28,0,1,0
2020,63,1034,163,64,Midfielder,26,24.08822312,3.5,3,0,20,0,1,0
2018,86,1149,177.8,72.8,Defender,26,23.02861749,3.5,1,0,0,0,0,1
2019,148,2362,177.8,72.8,Defender,27,23.02861749,3.5,1,0,86,0,0,1
2020,66,612,177.8,72.8,Defender,28,23.02861749,3.5,1,1,148,0,0,1
2016,387,973,175,68,Midfielder,25,22.20408163,3.5,3,0,0,0,1,0
2018,12,2434,178,70.5,Midfielder,18,22.25097841,3.5,3,0,0,0,1,0
2019,134,361,178,70.5,Midfielder,19,22.25097841,3.5,3,0,12,0,1,0
2016,18,3325,191,76,Defender,29,20.83276226,3.5,1,0,0,0,0,1
2017,46,2502,191,76,Defender,30,20.83276226,3.5,1,0,18,0,0,1
2016,100,1006,180,82.33333333,Forward,23,25.41152263,3,2,0,0,1,0,0
2017,107,40,170,67,Forward,28,23.183391,3.5,2,0,0,1,0,0
2016,99,1328,181.5,72,Defender,23,21.85643057,3.5,1,0,0,0,0,1
2017,236,264,181.5,72,Defender,24,21.85643057,3.5,1,0,99,0,0,1
2019,670,1368,181.5,72,Defender,26,21.85643057,3.5,1,1,236,0,0,1
2020,85,74,182.4,68.2,Midfielder,22,20.49909588,3,3,0,0,0,1,0
2016,89,20,175,75,Midfielder,29,24.48979592,3.5,3,0,0,0,1,0
2018,101,255,175,75,Midfielder,31,24.48979592,3.5,3,0,89,0,1,0
2020,26,3515,193.3333333,85.33333333,Goalkeeper,27,22.82996433,3,0,0,0,0,0,0
2020,106,1185,193,92.16666667,Midfielder,22,24.74339356,3.5,3,0,0,0,1,0
2017,87,1395,178.5,75,Midfielder,29,23.5388273,4,3,0,0,0,1,0
2020,67,95,189.6666667,86.66666667,Goalkeeper,35,24.09184553,3,0,0,0,0,0,0
2017,349,1515,189,78.16666667,Defender,30,21.88255275,2.5,1,0,0,0,0,1
2018,26,709,189,78.16666667,Defender,31,21.88255275,2.5,1,1,349,0,0,1
2019,51,1340,189,78.16666667,Defender,32,21.88255275,2.5,1,0,26,0,0,1
2020,12,1425,189,78.16666667,Defender,33,21.88255275,2.5,1,0,51,0,0,1
2018,52,934,193,88,Midfielder,22,23.6247953,4,3,0,0,0,1,0
2019,80,1872,193,88,Midfielder,23,23.6247953,4,3,0,52,0,1,0
2020,17,2257,193,88,Midfielder,24,23.6247953,4,3,0,80,0,1,0
2017,10,2257,183,85.16666667,Defender,24,25.43123613,3.5,1,0,0,0,0,1
2018,75,1980,183,85.16666667,Defender,25,25.43123613,3.5,1,0,10,0,0,1
2019,170,1804,183,85.16666667,Defender,26,25.43123613,3.5,1,0,75,0,0,1
2020,12,95,183,85.16666667,Defender,27,25.43123613,3.5,1,1,170,0,0,1
2018,120,722,180.25,65,Midfielder,21,20.00611726,3.5,3,0,0,0,1,0
2019,27,1486,180.25,65,Midfielder,22,20.00611726,3.5,3,1,120,0,1,0
2020,24,1507,180.25,65,Midfielder,23,20.00611726,3.5,3,0,27,0,1,0
2018,39,3205,194,84,Defender,27,22.31905622,3.5,1,0,0,0,0,1
2016,105,1598,178,70,Midfielder,31,22.09317005,3,3,0,0,0,1,0
2018,114,593,175.6666667,75.66666667,Defender,26,24.52030577,4,1,0,0,0,0,1
2019,22,2896,175.6666667,75.66666667,Defender,27,24.52030577,4,1,0,114,0,0,1
2020,40,1683,175.6666667,75.66666667,Defender,28,24.52030577,4,1,0,22,0,0,1
2017,165,95,192,86.66666667,Goalkeeper,30,23.50983796,3,0,0,0,0,0,0
2017,165,95,173.4,70,Goalkeeper,29,23.28090474,3,0,1,165,0,0,0
2018,12,0,192,86.66666667,Goalkeeper,31,23.50983796,3,0,1,165,0,0,0
2018,12,0,173.4,70,Goalkeeper,30,23.28090474,3,0,0,12,0,0,0
2019,35,1322,193,76,Defender,27,20.4032323,3.5,1,0,0,0,0,1
2016,77,1374,178.6666667,73.66666667,Forward,29,23.07724438,4,2,0,0,1,0,0
2018,95,1345,178.6666667,73.66666667,Forward,31,23.07724438,4,2,0,77,1,0,0
2019,17,1461,178.6666667,73.66666667,Forward,32,23.07724438,4,2,0,95,1,0,0
2016,35,314,170,69,Forward,33,23.87543253,3.5,2,0,0,1,0,0
2017,99,1388,173.5,75,Forward,31,24.9150811,4,2,0,0,1,0,0
2016,86,2400,184,82.16666667,Defender,24,24.26945495,3.5,1,0,0,0,0,1
2017,60,2399,184,82.16666667,Defender,25,24.26945495,3.5,1,0,86,0,0,1
2018,30,2740,184,82.16666667,Defender,26,24.26945495,3.5,1,0,60,0,0,1
2019,18,1275,184,82.16666667,Defender,27,24.26945495,3.5,1,0,30,0,0,1
2020,102,57,184,82.16666667,Defender,28,24.26945495,3.5,1,0,18,0,0,1
2016,25,480,186,83.33333333,Forward,25,24.08756311,4,2,0,0,1,0,0
2016,26,3108,187,89.6,Defender,31,25.62269439,3.5,1,0,0,0,0,1
2017,28,2902,187,89.6,Defender,32,25.62269439,3.5,1,0,26,0,0,1
2018,269,1355,187,89.6,Defender,33,25.62269439,3.5,1,0,28,0,0,1
2019,130,1093,187,89.6,Defender,34,25.62269439,3.5,1,1,269,0,0,1
2018,30,0,193,87,Goalkeeper,30,23.35633171,3,0,0,0,0,0,0
2019,39,190,191,83,Goalkeeper,29,22.75156931,3,0,0,0,0,0,0
2016,49,1171,171.6666667,62.33333333,Midfielder,23,21.1518522,3,3,0,0,0,1,0
2019,77,824,171.6666667,62.33333333,Midfielder,26,21.1518522,3,3,0,49,0,1,0
2016,34,1188,176.5,75,Midfielder,27,24.07530756,3,3,0,0,0,1,0
2018,49,2319,186,84.83333333,Defender,30,24.52113925,3.5,1,0,0,0,0,1
2019,16,1787,186,84.83333333,Defender,31,24.52113925,3.5,1,0,49,0,0,1
2017,4,1986,180,77.16666667,Midfielder,23,23.81687243,4,3,0,0,0,1,0
2018,15,2579,180,77.16666667,Midfielder,24,23.81687243,4,3,0,4,0,1,0
2019,61,1203,180,77.16666667,Midfielder,25,23.81687243,4,3,0,15,0,1,0
2020,171,1760,180,77.16666667,Midfielder,26,23.81687243,4,3,0,61,0,1,0
2020,52,0,182,77,Midfielder,29,23.24598478,4,3,0,0,0,1,0
2016,105,1028,186,88.66666667,Forward,27,25.62916715,4,2,0,0,1,0,0
2017,25,500,186,88.66666667,Forward,28,25.62916715,4,2,0,105,1,0,0
2018,29,32,186,88.66666667,Forward,29,25.62916715,4,2,0,25,1,0,0
2018,31,980,181.5,75.75,Defender,34,22.99478633,4,1,0,0,0,0,1
2017,67,148,173,66.33333333,Midfielder,31,22.16356488,3,3,0,0,0,1,0
2017,60,2592,185,81,Midfielder,32,23.66691015,4,3,0,0,0,1,0
2018,114,235,185,81,Midfielder,33,23.66691015,4,3,0,60,0,1,0
2018,61,2937,185,82.16666667,Defender,27,24.00779158,3.5,1,0,0,0,0,1
2019,132,2624,185,82.16666667,Defender,28,24.00779158,3.5,1,0,61,0,0,1
2016,153,855,185,81.66666667,Goalkeeper,31,23.86169954,3,0,0,0,0,0,0
2019,180,1268,180,68.33333333,Midfielder,21,21.09053498,3,3,0,0,0,1,0
2019,125,749,177,76,Forward,22,24.25867407,3,2,0,0,1,0,0
2020,27,1263,177,76,Forward,23,24.25867407,3,2,1,125,1,0,0
2017,89,1606,173,70.66666667,Midfielder,32,23.61143595,4,3,0,0,0,1,0
2016,32,1103,175,72,Midfielder,28,23.51020408,3,3,0,0,0,1,0
2017,159,2073,175,72,Midfielder,29,23.51020408,3,3,0,32,0,1,0
2018,129,462,175,72,Midfielder,30,23.51020408,3,3,1,159,0,1,0
2016,77,869,170,66,Midfielder,34,22.83737024,3.5,3,0,0,0,1,0
2017,300,0,178,80,Midfielder,35,25.2493372,3,3,0,0,0,1,0
2018,36,1516,183,75,Midfielder,26,22.39541342,4,3,0,0,0,1,0
2019,58,1814,183,75,Midfielder,27,22.39541342,4,3,0,36,0,1,0
2020,25,2887,183,75,Midfielder,28,22.39541342,4,3,0,58,0,1,0
2018,33,0,180.6666667,70,Midfielder,23,21.44578641,3,3,0,0,0,1,0
2019,18,282,173.8333333,67,Forward,24,22.17219485,3.5,2,0,0,1,0,0
2019,126,2311,193.6,82.2,Forward,22,21.93113517,3,2,0,0,1,0,0
2020,43,1118,193.6,82.2,Forward,23,21.93113517,3,2,1,126,1,0,0
2020,288,925,167,58,Defender,20,20.79672989,3,1,0,0,0,0,1
2019,20,3019,180,79.16666667,Forward,29,24.43415638,3.5,2,0,0,1,0,0
2018,57,2852,187.8333333,70,Defender,24,19.84050439,3.5,1,0,0,0,0,1
2020,366,95,187.8333333,70,Defender,26,19.84050439,3.5,1,0,57,0,0,1
2016,47,2000,176,68,Forward,27,21.95247934,3,2,0,0,1,0,0
2018,13,2230,176,68,Forward,29,21.95247934,3,2,0,47,1,0,0
2019,95,1341,176,68,Forward,30,21.95247934,3,2,0,13,1,0,0
2020,67,1691,176,68,Forward,31,21.95247934,3,2,0,95,1,0,0
2016,7,3420,199,93.5,Goalkeeper,24,23.61051489,3,0,0,0,0,0,0
2017,32,3325,199,93.5,Goalkeeper,25,23.61051489,3,0,0,7,0,0,0
2020,81,1661,185,75.33333333,Midfielder,27,22.01120039,3.5,3,0,0,0,1,0
2019,38,3420,189.6666667,76.66666667,Goalkeeper,31,21.3120172,3,0,0,0,0,0,0
2019,209,615,193,87,Defender,31,23.35633171,3,1,0,0,0,0,1
2020,134,2471,182.5,76.33333333,Defender,25,22.91862138,4,1,0,0,0,0,1
2020,7,2728,180.1666667,75.16666667,Forward,24,23.15668587,3.5,2,0,0,1,0,0
2018,51,2154,185.8333333,76.33333333,Defender,31,22.10380261,3,1,0,0,0,0,1
2016,45,2739,186.1666667,81.66666667,Defender,27,23.56356432,3,1,0,0,0,0,1
2017,129,1247,186.1666667,81.66666667,Defender,28,23.56356432,3,1,0,45,0,0,1
2020,14,2361,186.1666667,81.66666667,Defender,31,23.56356432,3,1,1,129,0,0,1
2019,18,2584,180.3333333,68.66666667,Midfielder,21,21.11513901,3.5,3,0,0,0,1,0
2019,9,1096,192,86,Midfielder,24,23.32899306,4,3,0,0,0,1,0
2018,61,2298,184.3333333,77.83333333,Midfielder,27,22.90645468,3.5,3,0,0,0,1,0
2020,288,799,184.3333333,77.83333333,Midfielder,29,22.90645468,3.5,3,0,61,0,1,0
2017,121,2003,175,67,Midfielder,28,21.87755102,3.5,3,0,0,0,1,0
2018,191,529,175,67,Midfielder,29,21.87755102,3.5,3,1,121,0,1,0
2019,115,1041,175,67,Midfielder,30,21.87755102,3.5,3,1,191,0,1,0
2020,7,1502,183.3333333,71.33333333,Midfielder,28,21.2231405,3,3,0,0,0,1,0
2020,7,1502,181,71.6,Midfielder,22,21.85525472,3.5,3,0,7,0,1,0
2017,202,321,187.5,89,Goalkeeper,31,25.31555556,3,0,0,0,0,0,0
2018,63,1805,187.5,89,Goalkeeper,32,25.31555556,3,0,1,202,0,0,0
2019,325,1890,187.5,89,Goalkeeper,33,25.31555556,3,0,0,63,0,0,0
2020,32,0,187.5,89,Goalkeeper,34,25.31555556,3,0,1,325,0,0,0
2017,16,2579,178,66,Midfielder,25,20.83070319,3,3,0,0,0,1,0
2016,120,0,188,83.4,Defender,22,23.59665007,3,1,0,0,0,0,1
2020,15,0,172,72,Midfielder,19,24.33747972,3,3,0,0,0,1,0
2018,37,1282,187.5,82,Defender,28,23.32444444,3.5,1,0,0,0,0,1
2018,37,1282,187.5,82,Forward,28,23.32444444,3.5,2,0,37,1,0,0
2018,37,1282,186,84,Defender,26,24.28026361,3,1,0,37,0,0,1
2018,37,1282,186,84,Forward,26,24.28026361,3,2,0,37,1,0,0
2019,47,1166,181,72,Midfielder,26,21.97735112,3.5,3,0,0,0,1,0
2017,57,0,190,75.4,Defender,18,20.88642659,3,1,0,0,0,0,1
2017,70,2017,183,90,Forward,29,26.8744961,3.5,2,0,0,1,0,0
2018,21,2761,183,90,Forward,30,26.8744961,3.5,2,0,70,1,0,0
2019,79,2319,183,90,Forward,31,26.8744961,3.5,2,0,21,1,0,0
2019,44,14,180,72,Forward,17,22.22222222,3.5,2,0,0,1,0,0
2019,175,213,175,65,Defender,20,21.2244898,3.5,1,0,0,0,0,1
2020,49,1805,175,65,Defender,21,21.2244898,3.5,1,1,175,0,0,1
2017,221,207,196,78,Defender,24,20.30403998,3,1,0,0,0,0,1
2019,27,3063,196,78,Defender,26,20.30403998,3,1,1,221,0,0,1
2016,153,2126,185,79.33333333,Midfielder,31,23.17993669,3.5,3,0,0,0,1,0
2016,73,1296,185,80,Forward,28,23.37472608,3.5,2,0,0,1,0,0
2016,20,2573,177,79.66666667,Defender,26,25.4290487,3,1,0,0,0,0,1
2017,42,2203,177,79.66666667,Defender,27,25.4290487,3,1,0,20,0,0,1
2018,23,36,177,79.66666667,Defender,28,25.4290487,3,1,0,42,0,0,1
2017,133,917,185.3333333,83.33333333,Midfielder,26,24.26116661,3.5,3,0,0,0,1,0
2018,116,565,185.3333333,83.33333333,Midfielder,27,24.26116661,3.5,3,1,133,0,1,0
2019,1,30,185.3333333,83.33333333,Midfielder,28,24.26116661,3.5,3,0,116,0,1,0
2016,35,469,180.6666667,80.5,Forward,22,24.66265438,3,2,0,0,1,0,0
2016,33,941,183.6666667,82.66666667,Forward,22,24.50584814,4,2,0,0,1,0,0
2017,132,4,183.6666667,82.66666667,Forward,23,24.50584814,4,2,0,33,1,0,0
2018,292,51,183.6666667,82.66666667,Forward,24,24.50584814,4,2,1,132,1,0,0
2016,225,862,191.4,85,Defender,30,23.20251483,3,1,0,0,0,0,1
2017,123,1466,191.4,85,Defender,31,23.20251483,3,1,1,225,0,0,1
2018,89,1293,191.4,85,Defender,32,23.20251483,3,1,1,123,0,0,1
2016,231,1955,193,92,Defender,25,24.69864963,3,1,0,0,0,0,1
2017,25,2383,193,92,Defender,26,24.69864963,3,1,1,231,0,0,1
2018,9,3570,193,92,Defender,27,24.69864963,3,1,0,25,0,0,1
2020,254,391,193,92,Defender,29,24.69864963,3,1,0,9,0,0,1
2016,87,855,188,80,Goalkeeper,28,22.63467632,3,0,0,0,0,0,0
2017,10,2565,198,90,Goalkeeper,30,22.95684114,3,0,0,0,0,0,0
2018,45,1665,198,90,Goalkeeper,31,22.95684114,3,0,0,10,0,0,0
2020,122,0,198,90,Goalkeeper,33,22.95684114,3,0,0,45,0,0,0
2016,51,1624,176,83,Forward,31,26.79493802,3.5,2,0,0,1,0,0
2017,28,2339,176,83,Forward,32,26.79493802,3.5,2,0,51,1,0,0
2020,44,2379,187.5,76,Defender,20,21.61777778,3,1,0,0,0,0,1
2018,2,1235,188.6666667,77.83333333,Defender,24,21.86629874,3.5,1,0,0,0,0,1
2016,108,2565,185.6666667,98.33333333,Defender,32,28.5254747,3.5,1,0,0,0,0,1
2017,45,2973,185.6666667,98.33333333,Defender,33,28.5254747,3.5,1,0,108,0,0,1
2019,27,480,185.6666667,98.33333333,Defender,35,28.5254747,3.5,1,0,45,0,0,1
2020,121,29,185.6666667,98.33333333,Defender,36,28.5254747,3.5,1,0,27,0,0,1
2017,31,3091,184.3333333,74.33333333,Midfielder,21,21.87639998,3.5,3,0,0,0,1,0
2018,3,3468,184.3333333,74.33333333,Midfielder,22,21.87639998,3.5,3,0,31,0,1,0
2019,42,2819,184.3333333,74.33333333,Midfielder,23,21.87639998,3.5,3,0,3,0,1,0
2020,84,2289,184.3333333,74.33333333,Midfielder,24,21.87639998,3.5,3,0,42,0,1,0
2017,329,759,182,88.83333333,Forward,29,26.81841968,2.5,2,0,0,1,0,0
2017,118,2686,180,66,Forward,25,20.37037037,3.5,2,0,0,1,0,0
2018,31,3195,180,66,Forward,26,20.37037037,3.5,2,0,118,1,0,0
2019,30,3465,180,66,Forward,27,20.37037037,3.5,2,0,31,1,0,0
2020,52,2754,180,66,Forward,28,20.37037037,3.5,2,0,30,1,0,0
2017,88,1029,185,73.83333333,Midfielder,22,21.57292428,3,3,0,0,0,1,0
2018,47,2504,185,73.83333333,Midfielder,23,21.57292428,3,3,0,88,0,1,0
2019,45,2342,185,73.83333333,Midfielder,24,21.57292428,3,3,0,47,0,1,0
2016,439,292,187,72,Forward,23,20.58966513,3,2,0,0,1,0,0
2019,88,2090,193,89,Defender,28,23.89325888,3,1,0,0,0,0,1
2020,45,1980,193,89,Defender,29,23.89325888,3,1,0,88,0,0,1
2016,33,2725,190,87,Defender,28,24.09972299,3,1,0,0,0,0,1
2017,535,1529,190,87,Defender,29,24.09972299,3,1,0,33,0,0,1
2019,76,0,190,87,Defender,31,24.09972299,3,1,1,535,0,0,1
2016,53,1761,169,72,Midfielder,25,25.20920136,3.5,3,0,0,0,1,0
2017,11,3179,169,72,Midfielder,26,25.20920136,3.5,3,0,53,0,1,0
2018,67,1142,169,72,Midfielder,27,25.20920136,3.5,3,0,11,0,1,0
2019,251,210,169,72,Midfielder,28,25.20920136,3.5,3,0,67,0,1,0
2020,40,600,169,72,Midfielder,29,25.20920136,3.5,3,1,251,0,1,0
2016,370,1092,186.5,84,Forward,27,24.15024905,4,2,0,0,1,0,0
2018,8,1849,180,73.75,Defender,19,22.76234568,4,1,0,0,0,0,1
2019,102,808,180,73.75,Defender,20,22.76234568,4,1,0,8,0,0,1
2020,13,116,180,73.75,Defender,21,22.76234568,4,1,0,102,0,0,1
2018,158,947,194.5,89.25,Defender,24,23.59223108,3,1,0,0,0,0,1
2019,54,2421,194.5,89.25,Defender,25,23.59223108,3,1,1,158,0,0,1
2020,83,2044,194.5,89.25,Defender,26,23.59223108,3,1,0,54,0,0,1
2016,16,2227,174.3333333,71,Midfielder,30,23.36132549,3,3,0,0,0,1,0
2017,48,2467,174.3333333,71,Midfielder,31,23.36132549,3,3,0,16,0,1,0
2018,40,627,178.5,72,Forward,26,22.5972742,4,2,0,0,1,0,0
2019,46,288,178.5,72,Forward,27,22.5972742,4,2,0,40,1,0,0
2018,124,1880,182,80,Midfielder,22,24.1516725,3.5,3,0,0,0,1,0
2020,30,95,191,84.8,Goalkeeper,25,23.24497684,3,0,0,0,0,0,0
2016,210,2577,195,95,Forward,35,24.98356345,2.5,2,0,0,1,0,0
2017,84,122,195,95,Forward,36,24.98356345,2.5,2,1,210,1,0,0
